PMVL[Source Name],PMVL[Holding date],PMVL[GROUPE],PMVL[ENTITE],PMVL[Selected Fund code],PMVL[ISIN],PMVL[Orig. name],PMVL[Quote],PMVL[Quote Date],PMVL[Quote Mode],PMVL[Quantity],PMVL[Inst. Nominal],PMVL[Purch. Val. (clean) (ptf cur.)],PMVL[VNC Agrege dirty (ptf cur.)],PMVL[PRMP MtM],PMVL[RefUnik Position],PMVL[Ref Unik Asset],PMVL[Ref Unik Codes],PMVL[CIC],PMVL[Inst Num],PMVL[Ref Unik Codes Completed],PMVL[PRMP VNC],PMVL[PRMP PMVL],PMVL[Parametres_Indices.TICKER],PMVL[PFMIndice.Perf J / J-1],PMVL[MtM Estimé],PMVL[PMVL Estimé],PMVL[CANTON],PMVL[3A],PMVL[PRATIC_PMVLEstimée],PMVL[PMVL Estimée + PRATIC],PMVL[MtM Estimée + PRATIC],PMVL[PFMIndice.Date J],PMVL[Ref Unik Light],PMVL[Ptf name]
EXPORT_PRMP_ADP,2026-01-30T00:00:00,Groupe MH,MHRS,MRS2C,FR0010590950,OBJECTIF CREDIT FI-C,20096.32,2026-01-28T00:00:00,P,170,1,2211485.6,2211485.6,3416374.4,PP,FC_Taux_Autre,PP_FAC_Taux_Corp_HY,FR42,2956515,PP_FAC_Taux_Corp_HY,2211485.6,1204888.7999999998,LECPTREU,0.000855782347020409,3419298.072902332,1207812.472902332,MHRS AG,Hors mandat MHRS AG,0,1207812.472902332,3419298.072902332,2026-01-28T00:00:00,PP_FAC_Taux,MHRS HM ACTIFS COTE
EXPORT_PRMP_ADP,2026-01-30T00:00:00,Groupe MH,AUXIA,AUX2E,FR0007045950,FEDERIS ISR EURO M,2456.77,2026-01-28T00:00:00,P,24261,1,20164514.1,20164514.1,59603696.97,PP,FC_Act_EUR,PP_FAC_Act_EUR_LC,FR41,5873492,PP_FAC_Act_EUR_LC,20164514.1,39439182.87,M7EM,-0.00664893617021277,59207395.79333776,39042881.69333776,AUXIA AG,Hors mandat AUXIA AG,0,39042881.69333776,59207395.79333776,2026-01-29T00:00:00,PP_FAC_Act,AUXIA HM ACT COTE
EXPORT_PRMP_ADP,2026-01-30T00:00:00,Groupe MH,AUXIA,AUX2E,FR0011441583,LBPAM ISR Opti Euro Equity MH,2518.58,2026-01-28T00:00:00,P,7888,1,8412826.24,8412826.24,19866559.04,PP,FC_Act_EUR,PP_FAC_Act_EUR_LC,FR41,5873494,PP_FAC_Act_EUR_LC,8412826.24,11453732.799999999,M7EM,-0.00664893617021277,19734467.557021275,11321641.317021275,AUXIA AG,Hors mandat AUXIA AG,0,11321641.317021275,19734467.557021275,2026-01-29T00:00:00,PP_FAC_Act,AUXIA HM ACT COTE
EXPORT_PRMP_ADP,2026-01-30T00:00:00,Groupe MH,AUXIA,AUX2E,FR0007021936,FEDERIS ISR FRANCE MH,463.96,2026-01-28T00:00:00,P,60537,1,11652333.39,11652333.39,28086746.52,PP,FC_Act_EUR,PP_FAC_Act_EUR_LC,FR41,5873258,PP_FAC_Act_EUR_LC,11652333.39,16434413.129999999,M7EM,-0.00664893617021277,27899999.535159573,16247666.145159572,AUXIA AG,Hors mandat AUXIA AG,0,16247666.145159572,27899999.535159573,2026-01-29T00:00:00,PP_FAC_Act,AUXIA HM ACT COTE
EXPORT_PRMP_ADP,2026-01-30T00:00:00,Groupe MH,AUXIA,AUX2E,FR0007022967,LBPAM ACTIONS CROISSANCE EURO M,6668.39,2026-01-28T00:00:00,P,840,1,1476258,1476258,5601447.6,PP,FC_Act_EUR,PP_FAC_Act_EUR_LC,FR41,5873491,PP_FAC_Act_EUR_LC,1476258,4125189.5999999996,M7EM,-0.00664893617021277,5564203.932446808,4087945.9324468076,AUXIA AG,Hors mandat AUXIA AG,0,4087945.9324468076,5564203.932446808,2026-01-29T00:00:00,PP_FAC_Act,AUXIA HM ACT COTE
EXPORT_PRMP_ADP,2026-01-30T00:00:00,Groupe MH,AUXIA,AUX2E,FR0000986531,SELECTION VALEURS MOYENNES,991.41,2026-01-28T00:00:00,P,22218,1,8865004.54,8865004.54,22027147.38,PP,FC_Act_EUR,PP_FAC_Act_EUR_SMC,FR41,5873302,PP_FAC_Act_EUR_SMC,8865004.54,13162142.84,M7EM,-0.00664893617021277,21880690.28305851,13015685.74305851,AUXIA AG,Hors mandat AUXIA AG,0,13015685.74305851,21880690.28305851,2026-01-29T00:00:00,PP_FAC_Act,AUXIA HM ACT COTE
EXPORT_PRMP_ADP,2026-01-30T00:00:00,Groupe MH,AUXIA,AUX2E,FR0007057674,FEDERIS ISR ACTIONS US MM,4410.08,2026-01-28T00:00:00,P,8994,1,20430170.310000002,20430170.310000002,39664259.519999996,PP,FC_Act_US,PP_FAC_Act_US_LC,FR41,5876542,PP_FAC_Act_US_LC,20430170.310000002,19234089.209999993,,0,39664259.519999996,19234089.209999993,AUXIA AG,Hors mandat AUXIA AG,0,19234089.209999993,39664259.519999996,,PP_FAC_Act,AUXIA HM ACT COTE
EXPORT_PRMP_ADP,2026-01-30T00:00:00,Groupe MH,AUXIA,AUX2E,FR001400CCX3,GEMEQUITY PART MH,149.29,2026-01-28T00:00:00,P,10886,1,1080979.8,1080979.8,1625170.94,PP,FC_Act_Emerg,PP_FAC_Act_Eme,XL41,9588501,PP_FAC_Act_Eme,1080979.8,544191.1399999999,MSDEEEMN,-8.08171511953809E-05,1625039.5983144236,544059.7983144235,AUXIA AG,Hors mandat AUXIA AG,0,544059.7983144235,1625039.5983144236,2026-01-29T00:00:00,PP_FAC_Act,AUXIA HM ACT COTE
EXPORT_PRMP_ADP,2026-01-30T00:00:00,Groupe MH,AUXIA,AUX2E,LU2541301847,EdRF EM Climate Bonds S EUR H,108.42,2026-01-28T00:00:00,P,35239,1,3518261.7600000007,3518261.7600000002,3820612.38,PP,FC_Taux_Emerg,PP_FAC_Taux_Eme,LU42,11008396,PP_FAC_Taux_Eme,3518261.7600000002,302350.61999999965,,0,3820612.38,302350.61999999965,AUXIA AG,Hors mandat AUXIA AG,0,302350.61999999965,3820612.38,,PP_FAC_Taux,AUXIA HM ACT COTE
EXPORT_PRMP_ADP,2026-01-30T00:00:00,Groupe MH,AUXIA,AUX2E,IE00B4WXJJ64,ISHARES CORE EUR GVT (GER),109.825,2026-01-28T00:00:00,P,150000,1,16379280,16379280,16473750,PP,FC_Taux_Souv,PP_FAC_Taux_Gov,GB42,5030921,PP_FAC_Taux_Gov,16379280,94470,,0,16473750,94470,AUXIA AG,Hors mandat AUXIA AG,0,94470,16473750,,PP_FAC_Taux,AUXIA HM ACT COTE
EXPORT_PRMP_ADP,2026-01-30T00:00:00,Groupe MH,AUXIA,AUX2E,FR0007040365,MH EDRAM HYBRIDES CORPORATE,33799.47,2026-01-28T00:00:00,P,186,1,5000211.96,5000211.96,6286701.42,PP,FC_Taux_HY,PP_FAC_Taux_Corp_HY,XL42,1334621,PP_FAC_Taux_Corp_HY,5000211.96,1286489.46,HE00,-0.000586382776522517,6283015.006566172,1282803.0465661716,AUXIA AG,Hors mandat AUXIA AG,0,1282803.0465661716,6283015.006566172,2026-01-29T00:00:00,PP_FAC_Taux,AUXIA HM ACT COTE
EXPORT_PRMP_ADP,2026-01-30T00:00:00,Groupe MH,AUXIA ASSISTANCE,AAS2E,FR0011758044,LBPAM PRO ALTO M,1136.35,2026-01-28T00:00:00,P,1153,1,1152877.74,1152877.74,1310211.55,PP,FC_Div,PP_FAC_Taux_Corp_IG,FR42,5873495,PP_FAC_Taux_Corp_IG,1152877.74,157333.81000000006,,0,1310211.55,157333.81000000006,AUXIA ASS,Hors mandat AUXIA ASSISTANCE,0,157333.81000000006,1310211.55,,PP_FAC_Taux,AUXIA ASS HM ACT COTE
EXPORT_PRMP_ADP,2026-01-30T00:00:00,Groupe MH,AUXIA ASSISTANCE,AAS2E,FR0000986531,SELECTION VALEURS MOYENNES,991.41,2026-01-28T00:00:00,P,737,1,291444.63,291444.63,730669.17,PP,FC_Act_EUR,PP_FAC_Act_EUR_SMC,FR41,5873302,PP_FAC_Act_EUR_SMC,291444.63,439224.54000000004,M7EM,-0.00664893617021277,725810.9973271277,434366.3673271277,AUXIA ASS,Hors mandat AUXIA ASSISTANCE,0,434366.3673271277,725810.9973271277,2026-01-29T00:00:00,PP_FAC_Act,AUXIA ASS HM ACT COTE
EXPORT_PRMP_ADP,2026-01-30T00:00:00,Groupe MH,AUXIA ASSISTANCE,AAS2E,FR0007022967,LBPAM ACTIONS CROISSANCE EURO M,6668.39,2026-01-28T00:00:00,P,80,1,354119.48,354119.48,533471.2,PP,FC_Act_EUR,PP_FAC_Act_EUR_LC,FR41,5873491,PP_FAC_Act_EUR_LC,354119.48,179351.71999999997,M7EM,-0.00664893617021277,529924.1840425532,175804.7040425532,AUXIA ASS,Hors mandat AUXIA ASSISTANCE,0,175804.7040425532,529924.1840425532,2026-01-29T00:00:00,PP_FAC_Act,AUXIA ASS HM ACT COTE
EXPORT_PRMP_ADP,2026-01-30T00:00:00,Groupe MH,AUXIA ASSISTANCE,AAS2E,FR0007475975,MH Lazard action euro LC,518.74,2026-01-28T00:00:00,P,4450.778,1,2306393.1596000004,2306393.1596000004,2308796.58,PP,FC_Act_EUR,PP_FAC_Act_EUR_LC,FR41,8009926,PP_FAC_Act_EUR_LC,2306393.1596000004,2403.4203999997117,M7EM,-0.00664893617021277,2293445.5389095745,-12947.620690425858,AUXIA ASS,Hors mandat AUXIA ASSISTANCE,0,-12947.620690425858,2293445.5389095745,2026-01-29T00:00:00,PP_FAC_Act,AUXIA ASS HM ACT COTE
EXPORT_PRMP_ADP,2026-01-30T00:00:00,Groupe MH,AUXIA ASSISTANCE,AAS2E,FR0007074166,LBPAM ACTIONS VALUE EURO,3449.45,2026-01-28T00:00:00,P,360,1,482660.91,482660.91,1241802,PP,FC_Act_EUR,PP_FAC_Act_EUR_LC,FR41,5873493,PP_FAC_Act_EUR_LC,482660.91,759141.0900000001,M7EM,-0.00664893617021277,1233545.3377659575,750884.4277659575,AUXIA ASS,Hors mandat AUXIA ASSISTANCE,0,750884.4277659575,1233545.3377659575,2026-01-29T00:00:00,PP_FAC_Act,AUXIA ASS HM ACT COTE
EXPORT_PRMP_ADP,2026-01-30T00:00:00,Groupe MH,AUXIA ASSISTANCE,AAS2E,FR0007078480,LBPAM ACTIONS EURO LARGE CAP M,4095.1,2026-01-28T00:00:00,P,459,1,824285.82,824285.82,1879650.9,PP,FC_Act_EUR,PP_FAC_Act_EUR_LC,FR41,4597012,PP_FAC_Act_EUR_LC,824285.82,1055365.08,M7EM,-0.00664893617021277,1867153.2211436168,1042867.4011436169,AUXIA ASS,Hors mandat AUXIA ASSISTANCE,0,1042867.4011436169,1867153.2211436168,2026-01-29T00:00:00,PP_FAC_Act,AUXIA ASS HM ACT COTE
EXPORT_PRMP_ADP,2026-01-30T00:00:00,Groupe MH,AUXIA ASSISTANCE,AAS2E,FR0007057674,FEDERIS ISR ACTIONS US MM,4410.08,2026-01-28T00:00:00,P,253,1,678111.4199999999,678111.4199999999,1115750.24,PP,FC_Act_US,PP_FAC_Act_US_LC,FR41,5876542,PP_FAC_Act_US_LC,678111.4199999999,437638.82000000007,,0,1115750.24,437638.82000000007,AUXIA ASS,Hors mandat AUXIA ASSISTANCE,0,437638.82000000007,1115750.24,,PP_FAC_Act,AUXIA ASS HM ACT COTE
EXPORT_PRMP_ADP,2026-01-30T00:00:00,Groupe MH,AUXIA ASSISTANCE,AAS2E,FR0007040365,MH EDRAM HYBRIDES CORPORATE,33799.47,2026-01-28T00:00:00,P,10,1,302123.6,302123.6,337994.7,PP,FC_Taux_HY,PP_FAC_Taux_Corp_HY,XL42,1334621,PP_FAC_Taux_Corp_HY,302123.6,35871.100000000035,HE00,-0.000586382776522517,337796.5057293641,35672.90572936414,AUXIA ASS,Hors mandat AUXIA ASSISTANCE,0,35672.90572936414,337796.5057293641,2026-01-29T00:00:00,PP_FAC_Taux,AUXIA ASS HM ACT COTE
EXPORT_PRMP_ADP,2026-01-30T00:00:00,Groupe MH,AUXIA ASSISTANCE,AAS2E,FR0007022793,LBPAM ACTIONS EX-EURO-M,5277.89,2026-01-28T00:00:00,P,46,1,128144.68,128144.68,242782.94,PP,FC_Act_exEUR,PP_FAC_Act_ExEUR,FR41,5873215,PP_FAC_Act_ExEUR,128144.68,114638.26000000001,,0,242782.94,114638.26000000001,AUXIA ASS,Hors mandat AUXIA ASSISTANCE,0,114638.26000000001,242782.94,,PP_FAC_Act,AUXIA ASS HM ACT COTE
EXPORT_PRMP_ADP,2026-01-30T00:00:00,Groupe MH,AUXIA ASSISTANCE,AAS2E,FR0007079330,LBPAM SELECTION ACTIONS ASIE,5389.07,2026-01-28T00:00:00,P,21,1,67940.23,67940.23,113170.47,PP,FC_Act_AsPac,PP_FAC_Act_Asie,FR41,4622700,PP_FAC_Act_Asie,67940.23,45230.240000000005,MSDEPN,0.00636489316561046,113890.78795105191,45950.55795105192,AUXIA ASS,Hors mandat AUXIA ASSISTANCE,0,45950.55795105192,113890.78795105191,2026-01-29T00:00:00,PP_FAC_Act,AUXIA ASS HM ACT COTE
EXPORT_PRMP_ADP,2026-01-30T00:00:00,Groupe MH,CAPREVAL,CAP2B,FR0007045950,FEDERIS ISR EURO M,2456.77,2026-01-28T00:00:00,P,810,1,684647.8,684647.8,1989983.7,PP,FC_Act_EUR,PP_FAC_Act_EUR_LC,FR41,5873492,PP_FAC_Act_EUR_LC,684647.8,1305335.9,M7EM,-0.00664893617021277,1976752.425398936,1292104.625398936,CAPREVAL AG,batch,0,1292104.625398936,1976752.425398936,2026-01-29T00:00:00,PP_FAC_Act,CAPREVAL HM ACT COTE
EXPORT_PRMP_ADP,2026-01-30T00:00:00,Groupe MH,CAPREVAL,CAP2B,LU2541301847,EdRF EM Climate Bonds S EUR H,108.42,2026-01-28T00:00:00,P,1825,1,182208,182208,197866.5,PP,FC_Taux_Emerg,PP_FAC_Taux_Eme,LU42,11008396,PP_FAC_Taux_Eme,182208,15658.5,,0,197866.5,15658.5,CAPREVAL AG,batch,0,15658.5,197866.5,,PP_FAC_Taux,CAPREVAL HM ACT COTE
EXPORT_PRMP_ADP,2026-01-30T00:00:00,Groupe MH,CAPREVAL,CAP2B,FR001400GS55,LBPAM ISR CONVS MONDE-MH,12749.9,2026-01-28T00:00:00,P,397,1,4136179.95,4136179.95,5061710.3,PP,FC_Conv_Monde,PP_FAC_Conv_Global,FR42,10056894,PP_FAC_Conv_Global,4136179.95,925530.3499999996,UCBIFX13,0.0100697386430293,5112680.399807729,976500.4498077286,CAPREVAL AG,batch,0,976500.4498077286,5112680.399807729,2026-01-28T00:00:00,PP_FAC_Conv,CAPREVAL HM ACT COTE
EXPORT_PRMP_ADP,2026-01-30T00:00:00,Groupe MH,CAPREVAL,CAP2B,FR0007079330,LBPAM SELECTION ACTIONS ASIE,5389.07,2026-01-28T00:00:00,P,18,1,39697.200000000004,39697.200000000004,97003.26,PP,FC_Act_AsPac,PP_FAC_Act_Asie,FR41,4622700,PP_FAC_Act_Asie,39697.200000000004,57306.05999999999,MSDEPN,0.00636489316561046,97620.67538661593,57923.47538661592,CAPREVAL AG,batch,0,57923.47538661592,97620.67538661593,2026-01-29T00:00:00,PP_FAC_Act,CAPREVAL HM ACT COTE
EXPORT_PRMP_ADP,2026-01-30T00:00:00,Groupe MH,CAPREVAL,CAP2B,FR0007057674,FEDERIS ISR ACTIONS US MM,4410.08,2026-01-28T00:00:00,P,71,1,220418.58000000002,220418.58000000002,313115.68,PP,FC_Act_US,PP_FAC_Act_US_LC,FR41,5876542,PP_FAC_Act_US_LC,220418.58000000002,92697.09999999998,,0,313115.68,92697.09999999998,CAPREVAL AG,batch,0,92697.09999999998,313115.68,,PP_FAC_Act,CAPREVAL HM ACT COTE
EXPORT_PRMP_ADP,2026-01-30T00:00:00,Groupe MH,CAPREVAL,CAP2B,FR0000986531,SELECTION VALEURS MOYENNES,991.41,2026-01-28T00:00:00,P,1046,1,402464.80000000005,402464.8,1037014.86,PP,FC_Act_EUR,PP_FAC_Act_EUR_SMC,FR41,5873302,PP_FAC_Act_EUR_SMC,402464.8,634550.06,M7EM,-0.00664893617021277,1030119.8143882978,627655.0143882979,CAPREVAL AG,batch,0,627655.0143882979,1030119.814388298,2026-01-29T00:00:00,PP_FAC_Act,CAPREVAL HM ACT COTE
EXPORT_PRMP_ADP,2026-01-30T00:00:00,Groupe MH,CAPREVAL,CAP2B,FR0007040365,MH EDRAM HYBRIDES CORPORATE,33799.47,2026-01-28T00:00:00,P,68,1,1990568.76,1990568.76,2298363.96,PP,FC_Taux_HY,PP_FAC_Taux_Corp_HY,XL42,1334621,PP_FAC_Taux_Corp_HY,1990568.76,307795.19999999995,HE00,-0.000586382776522517,2297016.2389596757,306447.47895967565,CAPREVAL AG,batch,0,306447.47895967565,2297016.2389596757,2026-01-29T00:00:00,PP_FAC_Taux,CAPREVAL HM ACT COTE
EXPORT_PRMP_ADP,2026-01-30T00:00:00,Groupe MH,CAPREVAL,CAP2B,FR0011441583,LBPAM ISR Opti Euro Equity MH,2518.58,2026-01-28T00:00:00,P,206,1,281586.38,281586.38,518827.48,PP,FC_Act_EUR,PP_FAC_Act_EUR_LC,FR41,5873494,PP_FAC_Act_EUR_LC,281586.38,237241.09999999998,M7EM,-0.00664893617021277,515377.82920212764,233791.44920212764,CAPREVAL AG,batch,0,233791.44920212764,515377.82920212764,2026-01-29T00:00:00,PP_FAC_Act,CAPREVAL HM ACT COTE
EXPORT_PRMP_ADP,2026-01-30T00:00:00,Groupe MH,CAPREVAL,CAP2B,FR0007078480,LBPAM ACTIONS EURO LARGE CAP M,4095.1,2026-01-28T00:00:00,P,592,1,1027753.98,1027753.98,2424299.2,PP,FC_Act_EUR,PP_FAC_Act_EUR_LC,FR41,4597012,PP_FAC_Act_EUR_LC,1027753.98,1396545.2200000002,M7EM,-0.00664893617021277,2408180.189361702,1380426.2093617022,CAPREVAL AG,batch,0,1380426.2093617022,2408180.189361702,2026-01-29T00:00:00,PP_FAC_Act,CAPREVAL HM ACT COTE
EXPORT_PRMP_ADP,2026-01-30T00:00:00,Groupe MH,CAPREVAL,CAP2B,LU0593537219,OSTRUM EURO HIGH INCOME FD IDE,97.19,2026-01-28T00:00:00,P,6352,1,545827.36,545827.36,617350.88,PP,FC_Taux_HY,PP_FAC_Taux_Corp_HY,LU42,7240285,PP_FAC_Taux_Corp_HY,545827.36,71523.52000000002,HE00,-0.000586382776522517,616988.8760768969,71161.51607689692,CAPREVAL AG,batch,0,71161.51607689692,616988.8760768969,2026-01-29T00:00:00,PP_FAC_Taux,CAPREVAL HM ACT COTE
EXPORT_PRMP_ADP,2026-01-30T00:00:00,Groupe MH,CAPREVAL,CAP2B,LU0144746509,CANDRIAM BONDS EURO HIGH YIELD-IC,1607.37,2026-01-28T00:00:00,P,458,1,573608.36,573608.36,736175.46,PP,FC_Taux_HY,PP_FAC_Taux_Corp_HY,LU42,4932779,PP_FAC_Taux_Corp_HY,573608.36,162567.09999999998,HE00,-0.000586382776522517,735743.7793897574,162135.41938975744,CAPREVAL AG,batch,0,162135.41938975744,735743.7793897574,2026-01-29T00:00:00,PP_FAC_Taux,CAPREVAL HM ACT COTE
EXPORT_PRMP_ADP,2026-01-30T00:00:00,Groupe MH,CAPREVAL,CAP2B,FR0007012182,LBPAM ISR Actions Euromonde MH,9773.81,2026-01-28T00:00:00,P,305,1,1224422.17,1224422.17,2981012.05,PP,FC_Act_Mixte,PP_FAC_Act_Global,FR41,5873490,PP_FAC_Act_Global,1224422.17,1756589.88,,0,2981012.05,1756589.88,CAPREVAL AG,batch,0,1756589.88,2981012.05,,PP_FAC_Act,CAPREVAL HM ACT COTE
EXPORT_PRMP_ADP,2026-01-30T00:00:00,Groupe MH,CMAV,CMA2C,FR0011034560,EDR FINANCIAL BDS S,1499.73,2026-01-28T00:00:00,P,3582,1,3500473.6799999997,3500473.68,5372032.86,PP,FC_Taux_Autre,PP_FAC_Taux_Corp_HY,FR42,4879142,PP_FAC_Taux_Corp_HY,3500473.68,1871559.1800000002,LECPTREU,0.000855782347020409,5376630.150889201,1876156.470889201,CMAV AG,Hors mandat CMAV AG,0,1876156.470889201,5376630.150889201,2026-01-28T00:00:00,PP_FAC_Taux,CMAV HM ACT COTE
EXPORT_PRMP_ADP,2026-01-30T00:00:00,Groupe MH,CMAV,CMA2C,FR0010135103,CARMIGNAC PATRIMOINE,811.79,2026-01-28T00:00:00,P,644,1,369620.11999999976,369620.11999999976,522792.76,PP,FC_Div,PP_FAC_DIV_Autres,FR44,1559507,PP_FAC_DIV_Autres,369620.11999999976,153172.64000000025,,0,522792.76,153172.64000000025,CMAV AG,Hors mandat CMAV AG,0,153172.64000000025,522792.76,,PP_FAC_DIV,CMAV HM ACT COTE
EXPORT_PRMP_ADP,2026-01-30T00:00:00,Groupe MH,CMAV,CMA2C,FR0000986531,SELECTION VALEURS MOYENNES,991.41,2026-01-28T00:00:00,P,13420,1,4747876,4747876,13304722.200000001,PP,FC_Act_EUR,PP_FAC_Act_EUR_SMC,FR41,5873302,PP_FAC_Act_EUR_SMC,4747876,8556846.200000001,M7EM,-0.00664893617021277,13216259.951329788,8468383.951329788,CMAV AG,Hors mandat CMAV AG,0,8468383.951329788,13216259.951329788,2026-01-29T00:00:00,PP_FAC_Act,CMAV HM ACT COTE
EXPORT_PRMP_ADP,2026-01-30T00:00:00,Groupe MH,CMAV,CMA2C,FR0007022967,LBPAM ACTIONS CROISSANCE EURO M,6668.39,2026-01-28T00:00:00,P,390,1,1005206,1005206,2600672.1,PP,FC_Act_EUR,PP_FAC_Act_EUR_LC,FR41,5873491,PP_FAC_Act_EUR_LC,1005206,1595466.1,M7EM,-0.00664893617021277,2583380.397207447,1578174.3972074469,CMAV AG,Hors mandat CMAV AG,0,1578174.3972074469,2583380.397207447,2026-01-29T00:00:00,PP_FAC_Act,CMAV HM ACT COTE
EXPORT_PRMP_ADP,2026-01-30T00:00:00,Groupe MH,CMAV,CMA2C,FR0007074166,LBPAM ACTIONS VALUE EURO,3449.45,2026-01-28T00:00:00,P,430,1,659705,659705,1483263.5,PP,FC_Act_EUR,PP_FAC_Act_EUR_LC,FR41,5873493,PP_FAC_Act_EUR_LC,659705,823558.5,M7EM,-0.00664893617021277,1473401.3756648935,813696.3756648935,CMAV AG,Hors mandat CMAV AG,0,813696.3756648935,1473401.3756648935,2026-01-29T00:00:00,PP_FAC_Act,CMAV HM ACT COTE
EXPORT_PRMP_ADP,2026-01-30T00:00:00,Groupe MH,CMAV,CMA2C,FR0011049709,LBPAM SELECTION ACTIONS EMERGENTS,2227.14,2026-01-28T00:00:00,P,550,1,550383.4,550383.4,1224927,PP,FC_Act_Emerg,PP_FAC_Act_Eme,FR41,4622717,PP_FAC_Act_Eme,550383.4,674543.6,MSDEEEMN,-8.08171511953809E-05,1224828.0048894377,674444.6048894377,CMAV AG,Hors mandat CMAV AG,0,674444.6048894377,1224828.0048894377,2026-01-29T00:00:00,PP_FAC_Act,CMAV HM ACT COTE
EXPORT_PRMP_ADP,2026-01-30T00:00:00,Groupe MH,CMAV,CMA2C,FR0007040365,MH EDRAM HYBRIDES CORPORATE,33799.47,2026-01-28T00:00:00,P,177,1,4942262.46,4942262.46,5982506.19,PP,FC_Taux_HY,PP_FAC_Taux_Corp_HY,XL42,1334621,PP_FAC_Taux_Corp_HY,4942262.46,1040243.7300000004,HE00,-0.000586382776522517,5978998.151409745,1036735.6914097453,CMAV AG,Hors mandat CMAV AG,0,1036735.6914097453,5978998.151409745,2026-01-29T00:00:00,PP_FAC_Taux,CMAV HM ACT COTE
EXPORT_PRMP_ADP,2026-01-30T00:00:00,Groupe MH,CMAV,CMA2C,FR0007012182,LBPAM ISR Actions Euromonde MH,9773.81,2026-01-28T00:00:00,P,2219,1,7331216.74,7331216.74,21688084.39,PP,FC_Act_Mixte,PP_FAC_Act_Global,FR41,5873490,PP_FAC_Act_Global,7331216.74,14356867.65,,0,21688084.39,14356867.65,CMAV AG,Hors mandat CMAV AG,0,14356867.65,21688084.39,,PP_FAC_Act,CMAV HM ACT COTE
EXPORT_PRMP_ADP,2026-01-30T00:00:00,Groupe MH,CMAV,CMA2C,FR0007045950,FEDERIS ISR EURO M,2456.77,2026-01-28T00:00:00,P,590,1,525483.5,525483.5,1449494.3,PP,FC_Act_EUR,PP_FAC_Act_EUR_LC,FR41,5873492,PP_FAC_Act_EUR_LC,525483.5,924010.8,M7EM,-0.00664893617021277,1439856.7049202127,914373.2049202127,CMAV AG,Hors mandat CMAV AG,0,914373.2049202127,1439856.7049202127,2026-01-29T00:00:00,PP_FAC_Act,CMAV HM ACT COTE
EXPORT_PRMP_ADP,2026-01-30T00:00:00,Groupe MH,CMAV,CMA2C,FR0011758044,LBPAM PRO ALTO M,1136.35,2026-01-28T00:00:00,P,13700,1,13507104,13507104,15567994.999999998,PP,FC_Div,PP_FAC_Taux_Corp_IG,FR42,5873495,PP_FAC_Taux_Corp_IG,13507104,2060890.9999999981,,0,15567994.999999998,2060890.9999999981,CMAV AG,Hors mandat CMAV AG,0,2060890.9999999981,15567994.999999998,,PP_FAC_Taux,CMAV HM ACT COTE
EXPORT_PRMP_ADP,2026-01-30T00:00:00,Groupe MH,CMAV,CMA2C,FR0011304278,TOCQUEVILLE MID CAP EURO ISRMH,3523.83,2026-01-28T00:00:00,P,180,1,319125.60000000003,319125.60000000003,634289.4,PP,FC_Act_EUR,PP_FAC_Act_EUR_SMC,FR41,7240253,PP_FAC_Act_EUR_SMC,319125.60000000003,315163.8,M7EM,-0.00664893617021277,630072.0502659575,310946.45026595745,CMAV AG,Hors mandat CMAV AG,0,310946.45026595745,630072.0502659575,2026-01-29T00:00:00,PP_FAC_Act,CMAV HM ACT COTE
EXPORT_PRMP_ADP,2026-01-30T00:00:00,Groupe MH,EMUT,EMU2A,FR0013342326,Tocqueville US Equity SRI GP,247.2,2026-01-28T00:00:00,P,1724,1,387848.27999999997,387848.27999999997,426172.8,PP,FC_Act_US,,FR41,12234458,PP_FAC_Act_EUR_LC,387848.27999999997,38324.52000000002,,0,426172.8,38324.52000000002,EMUT AG,Hors mandat EMUT AG,0,38324.52000000002,426172.8,,PP_FAC_Act,EMUT HORS MDT COTE
EXPORT_PRMP_ADP,2026-01-30T00:00:00,Groupe MH,EMUT,EMU2A,FR001400GS55,LBPAM ISR CONVS MONDE-MH,12212.36,2026-01-28T00:00:00,P,10,1,107779.40000000001,107779.40000000001,122123.6,PP,FC_Conv_Monde,PP_FAC_Conv_Global,FR42,10056894,PP_FAC_Conv_Global,107779.40000000001,14344.199999999997,UCBIFX13,0.0100697386430293,123353.35273414585,15573.952734145845,EMUT AG,Hors mandat EMUT AG,0,15573.952734145845,123353.35273414585,2026-01-28T00:00:00,PP_FAC_Conv,EMUT HORS MDT COTE
EXPORT_PRMP_ADP,2026-01-30T00:00:00,Groupe MH,EMUT,EMU2A,FR0013230042,Tocqueville Value Euro ISR GP,179.02,2026-01-28T00:00:00,P,1064,1,168303.52000000002,168303.52000000002,190477.28,PP,FC_Act_EUR,,FR41,12238661,PP_FAC_Act_EUR_LC,168303.52000000002,22173.75999999998,M7EM,-0.00664893617021277,189210.80872340425,20907.28872340423,EMUT AG,Hors mandat EMUT AG,0,20907.28872340423,189210.80872340425,2026-01-29T00:00:00,PP_FAC_Act,EMUT HORS MDT COTE
EXPORT_PRMP_ADP,2026-01-30T00:00:00,Groupe MH,EMUT,EMU2A,FR0007022793,LBPAM ACTIONS EX-EURO-M,5148.84,2026-01-28T00:00:00,P,19,1,86212.5,86212.5,97827.96,PP,FC_Act_exEUR,PP_FAC_Act_ExEUR,FR41,5873215,PP_FAC_Act_ExEUR,86212.5,11615.460000000006,,0,97827.96,11615.460000000006,EMUT AG,Hors mandat EMUT AG,0,11615.460000000006,97827.96,,PP_FAC_Act,EMUT HORS MDT COTE
EXPORT_PRMP_ADP,2026-01-30T00:00:00,Groupe MH,EMUT,EMU2A,FR0013241031,OSTRUM SRI EURO BONDS 3-5 GP,100.26,2026-01-28T00:00:00,P,6731.03633,1,627359.6662277433,627359.6662277433,674853.7,PP,FC_Taux_Souv,PP_FAC_Taux_Gov,FR42,9315963,PP_FAC_Taux_Gov,627359.6662277433,47494.03377225669,,0,674853.7,47494.03377225669,EMUT AG,Hors mandat EMUT AG,0,47494.03377225669,674853.7,,PP_FAC_Taux,EMUT HORS MDT COTE
EXPORT_PRMP_ADP,2026-01-30T00:00:00,Groupe MH,EMUT,EMU2A,FR0010702084,INSERTION EMP DYN RC,249.36,2026-01-28T00:00:00,P,361.7122,1,70081.9999062084,70081.9999062084,90196.55,PP,FC_Act_EUR,PP_FAC_Act_EUR_LC,FR41,3030930,PP_FAC_Act_EUR_LC,70081.9999062084,20114.550093791608,M7EM,-0.00664893617021277,89596.8388962766,19514.83899006821,EMUT AG,Hors mandat EMUT AG,0,19514.83899006821,89596.8388962766,2026-01-29T00:00:00,PP_FAC_Act,EMUT HORS MDT COTE
EXPORT_PRMP_ADP,2026-01-30T00:00:00,Groupe MH,EMUT,EMU2A,FR0007045950,FEDERIS ISR EURO M,2390.61,2026-01-28T00:00:00,P,353,1,688148.44,688148.44,843885.33,PP,FC_Act_EUR,PP_FAC_Act_EUR_LC,FR41,5873492,PP_FAC_Act_EUR_LC,688148.44,155736.89,M7EM,-0.00664893617021277,838274.390305851,150125.95030585106,EMUT AG,Hors mandat EMUT AG,0,150125.95030585106,838274.390305851,2026-01-29T00:00:00,PP_FAC_Act,EMUT HORS MDT COTE
EXPORT_PRMP_ADP,2026-01-30T00:00:00,Groupe MH,EMUT,EMU2A,FR0000986531,SELECTION VALEURS MOYENNES,952.76,2026-01-28T00:00:00,P,119,1,102688.67,102688.67,113378.44,PP,FC_Act_EUR,PP_FAC_Act_EUR_SMC,FR41,5873302,PP_FAC_Act_EUR_SMC,102688.67,10689.770000000004,M7EM,-0.00664893617021277,112624.5939893617,9935.923989361705,EMUT AG,Hors mandat EMUT AG,0,9935.923989361705,112624.5939893617,2026-01-29T00:00:00,PP_FAC_Act,EMUT HORS MDT COTE
EXPORT_PRMP_ADP,2026-01-30T00:00:00,Groupe MH,EMUT,EMU2A,FR0013305935,LAZARD CREDIT FI SRI TC,267.77,2026-01-28T00:00:00,P,743.752,1,168415.19990499198,168415.19990499198,199154.47,PP,FC_Taux_Autre,PP_FAC_Taux_Corp_IG,FR42,9315968,PP_FAC_Taux_Corp_IG,168415.19990499198,30739.270095008018,LECPTREU,0.000855782347020409,199324.90287975618,30909.702974764194,EMUT AG,Hors mandat EMUT AG,0,30909.702974764194,199324.90287975618,2026-01-28T00:00:00,PP_FAC_Taux,EMUT HORS MDT COTE
EXPORT_PRMP_ADP,2026-01-30T00:00:00,Groupe MH,INPR,INP2C,FR0007057674,FEDERIS ISR ACTIONS US MM,4410.08,2026-01-28T00:00:00,P,6115,1,7530823.43,7530823.43,26967639.2,PP,FC_Act_US,PP_FAC_Act_US_LC,FR41,5876542,PP_FAC_Act_US_LC,7530823.43,19436815.77,,0,26967639.2,19436815.77,INPR AG,Hors mandat INPR AG,0,19436815.77,26967639.2,,PP_FAC_Act,INPR HM ACT COTE
EXPORT_PRMP_ADP,2026-01-30T00:00:00,Groupe MH,INPR,INP2C,FR0007074166,LBPAM ACTIONS VALUE EURO,3449.45,2026-01-28T00:00:00,P,4166,1,4766835.38,4766835.38,14370408.7,PP,FC_Act_EUR,PP_FAC_Act_EUR_LC,FR41,5873493,PP_FAC_Act_EUR_LC,4766835.38,9603573.32,M7EM,-0.00664893617021277,14274860.769813828,9508025.38981383,INPR AG,Hors mandat INPR AG,0,9508025.38981383,14274860.769813828,2026-01-29T00:00:00,PP_FAC_Act,INPR HM ACT COTE
EXPORT_PRMP_ADP,2026-01-30T00:00:00,Groupe MH,INPR,INP2C,FR0010590950,OBJECTIF CREDIT FI-C,20096.32,2026-01-28T00:00:00,P,26,1,364847.86,364847.86,522504.32,PP,FC_Taux_Autre,PP_FAC_Taux_Corp_HY,FR42,2956515,PP_FAC_Taux_Corp_HY,364847.86,157656.46000000002,LECPTREU,0.000855782347020409,522951.46997329785,158103.60997329786,INPR AG,Hors mandat INPR AG,0,158103.60997329786,522951.46997329785,2026-01-28T00:00:00,PP_FAC_Taux,INPR HM ACT COTE
EXPORT_PRMP_ADP,2026-01-30T00:00:00,Groupe MH,INPR,INP2C,FR0014010YJ4,LBPAM ISR Actions Focus Euro I2,10445.96,2026-01-28T00:00:00,P,191.82795,1,477592.1998118414,477592.1998118414,2003827.09,PP,FC_Act_EUR,,FR41,12771012,PP_FAC_Act_EUR_LC,477592.1998118414,1526234.8901881587,M7EM,-0.00664893617021277,1990503.7715824468,1512911.5717706054,INPR AG,Hors mandat INPR AG,0,1512911.5717706054,1990503.7715824468,2026-01-29T00:00:00,PP_FAC_Act,INPR HM ACT COTE
EXPORT_PRMP_ADP,2026-01-30T00:00:00,Groupe MH,INPR,INP2C,FR0007021936,FEDERIS ISR FRANCE MH,463.96,2026-01-28T00:00:00,P,11000,1,1414820,1414820,5103560,PP,FC_Act_EUR,PP_FAC_Act_EUR_LC,FR41,5873258,PP_FAC_Act_EUR_LC,1414820,3688740,M7EM,-0.00664893617021277,5069626.755319149,3654806.7553191492,INPR AG,Hors mandat INPR AG,0,3654806.7553191492,5069626.755319149,2026-01-29T00:00:00,PP_FAC_Act,INPR HM ACT COTE
EXPORT_PRMP_ADP,2026-01-30T00:00:00,Groupe MH,INPR,INP2C,FR0011034560,EDR FINANCIAL BDS S,1499.73,2026-01-28T00:00:00,P,326,1,355737.72000000003,355737.72000000003,488911.98,PP,FC_Taux_Autre,PP_FAC_Taux_Corp_HY,FR42,4879142,PP_FAC_Taux_Corp_HY,355737.72000000003,133174.25999999995,LECPTREU,0.000855782347020409,489330.38224173075,133592.66224173072,INPR AG,Hors mandat INPR AG,0,133592.66224173072,489330.38224173075,2026-01-28T00:00:00,PP_FAC_Taux,INPR HM ACT COTE
EXPORT_PRMP_ADP,2026-01-30T00:00:00,Groupe MH,INPR,INP2C,FR0011304278,TOCQUEVILLE MID CAP EURO ISRMH,3523.83,2026-01-28T00:00:00,P,3900,1,5566093.5,5566093.5,13742937,PP,FC_Act_EUR,PP_FAC_Act_EUR_SMC,FR41,7240253,PP_FAC_Act_EUR_SMC,5566093.5,8176843.5,M7EM,-0.00664893617021277,13651561.089095745,8085467.589095745,INPR AG,Hors mandat INPR AG,0,8085467.589095745,13651561.089095745,2026-01-29T00:00:00,PP_FAC_Act,INPR HM ACT COTE
EXPORT_PRMP_ADP,2026-01-30T00:00:00,Groupe MH,INPR,INP2C,LU2541301847,EdRF EM Climate Bonds S EUR H,108.42,2026-01-28T00:00:00,P,4593,1,458565.12,458565.12,497973.06,PP,FC_Taux_Emerg,PP_FAC_Taux_Eme,LU42,11008396,PP_FAC_Taux_Eme,458565.12,39407.94,,0,497973.06,39407.94,INPR AG,Hors mandat INPR AG,0,39407.94,497973.06,,PP_FAC_Taux,INPR HM ACT COTE
EXPORT_PRMP_ADP,2026-01-30T00:00:00,Groupe MH,INPR,INP2C,FR001400GS55,LBPAM ISR CONVS MONDE-MH,12749.9,2026-01-28T00:00:00,P,76,1,793829.1200000001,793829.1200000001,968992.4,PP,FC_Conv_Monde,PP_FAC_Conv_Global,FR42,10056894,PP_FAC_Conv_Global,793829.1200000001,175163.2799999999,UCBIFX13,0.0100697386430293,978749.9002150818,184920.78021508164,INPR AG,Hors mandat INPR AG,0,184920.78021508164,978749.9002150818,2026-01-28T00:00:00,PP_FAC_Conv,INPR HM ACT COTE
EXPORT_PRMP_ADP,2026-01-30T00:00:00,Groupe MH,INPR,INP2C,FR001400EBG6,MH Lazard Total Return,1141.31,2026-01-28T00:00:00,P,990,1,1003998.5999999999,1003998.6,1129896.9,PP,FC_Taux_Autre,PP_FAC_Taux_Autre,FR42,9745480,PP_FAC_Taux_Autre,1003998.6,125898.29999999993,LECPTREU,0.000855782347020409,1130863.845820973,126865.24582097295,INPR AG,Hors mandat INPR AG,0,126865.24582097295,1130863.845820973,2026-01-28T00:00:00,PP_FAC_Taux,INPR HM ACT COTE
EXPORT_PRMP_ADP,2026-01-30T00:00:00,Groupe MH,INPR,INP2C,FR0007045950,FEDERIS ISR EURO M,2456.77,2026-01-28T00:00:00,P,15000,1,12776999.620000001,12776999.620000001,36851550,PP,FC_Act_EUR,PP_FAC_Act_EUR_LC,FR41,5873492,PP_FAC_Act_EUR_LC,12776999.620000001,24074550.38,M7EM,-0.00664893617021277,36606526.39627659,23829526.776276592,INPR AG,Hors mandat INPR AG,0,23829526.776276592,36606526.39627659,2026-01-29T00:00:00,PP_FAC_Act,INPR HM ACT COTE
EXPORT_PRMP_ADP,2026-01-30T00:00:00,Groupe MH,INPR,INP2C,FR0007079330,LBPAM SELECTION ACTIONS ASIE,5389.07,2026-01-28T00:00:00,P,1375,1,2073007.1999999997,2073007.1999999997,7409971.25,PP,FC_Act_AsPac,PP_FAC_Act_Asie,FR41,4622700,PP_FAC_Act_Asie,2073007.1999999997,5336964.050000001,MSDEPN,0.00636489316561046,7457134.925366495,5384127.725366496,INPR AG,Hors mandat INPR AG,0,5384127.725366496,7457134.925366495,2026-01-29T00:00:00,PP_FAC_Act,INPR HM ACT COTE
EXPORT_PRMP_ADP,2026-01-30T00:00:00,Groupe MH,INPR,INP2C,FR0000986531,SELECTION VALEURS MOYENNES,991.41,2026-01-28T00:00:00,P,9833,1,4420615.980000001,4420615.98,9748534.53,PP,FC_Act_EUR,PP_FAC_Act_EUR_SMC,FR41,5873302,PP_FAC_Act_EUR_SMC,4420615.98,5327918.549999999,M7EM,-0.00664893617021277,9683717.146156915,5263101.166156914,INPR AG,Hors mandat INPR AG,0,5263101.166156914,9683717.146156915,2026-01-29T00:00:00,PP_FAC_Act,INPR HM ACT COTE
EXPORT_PRMP_ADP,2026-01-30T00:00:00,Groupe MH,INPR,INP2C,FR0007022967,LBPAM ACTIONS CROISSANCE EURO M,6668.39,2026-01-28T00:00:00,P,700,1,2869788,2869788,4667873,PP,FC_Act_EUR,PP_FAC_Act_EUR_LC,FR41,5873491,PP_FAC_Act_EUR_LC,2869788,1798085,M7EM,-0.00664893617021277,4636836.61037234,1767048.6103723403,INPR AG,Hors mandat INPR AG,0,1767048.6103723403,4636836.61037234,2026-01-29T00:00:00,PP_FAC_Act,INPR HM ACT COTE
EXPORT_PRMP_ADP,2026-01-30T00:00:00,Groupe MH,INPR,INP2C,LU1585264762,TIKEHAU SUBFIN FUND I CAP,224.91,2026-01-28T00:00:00,P,1206.002,1,166199.139238006,166199.139238006,271241.91,PP,FC_Taux_HY,PP_FAC_Taux_Corp_HY,LU49,7240288,PP_FAC_Taux_Corp_HY,166199.139238006,105042.77076199398,HE00,-0.000586382776522517,271082.8584157049,104883.71917769892,INPR AG,Hors mandat INPR AG,0,104883.71917769892,271082.8584157049,2026-01-29T00:00:00,PP_FAC_Taux,INPR HM ACT COTE
EXPORT_PRMP_ADP,2026-01-30T00:00:00,Groupe MH,INPR,INP2C,FR0007078480,LBPAM ACTIONS EURO LARGE CAP M,4095.1,2026-01-28T00:00:00,P,8401,1,13176640.459999999,13176640.459999999,34402935.1,PP,FC_Act_EUR,PP_FAC_Act_EUR_LC,FR41,4597012,PP_FAC_Act_EUR_LC,13176640.459999999,21226294.64,M7EM,-0.00664893617021277,34174192.18045213,20997551.72045213,INPR AG,Hors mandat INPR AG,0,20997551.72045213,34174192.18045213,2026-01-29T00:00:00,PP_FAC_Act,INPR HM ACT COTE
EXPORT_PRMP_ADP,2026-01-30T00:00:00,Groupe MH,MHP,MHP1R,FR0011441583,LBPAM ISR Opti Euro Equity MH,2518.58,2026-01-28T00:00:00,P,1546,1,1578280.62,1578280.62,3893724.68,PP,FC_Act_EUR,PP_FAC_Act_EUR_LC,FR41,5873494,PP_FAC_Act_EUR_LC,1578280.62,2315444.06,M7EM,-0.00664893617021277,3867835.553138298,2289554.933138298,MHP PERE,Mandats LBPAM MHP PERE,0,2289554.933138298,3867835.553138298,2026-01-29T00:00:00,PP_FAC_Act,MHP PERE HM ACT COTE
EXPORT_PRMP_ADP,2026-01-30T00:00:00,Groupe MH,MHP,MHP1R,FR0007057674,FEDERIS ISR ACTIONS US MM,4410.08,2026-01-28T00:00:00,P,664,1,1138801.33,1138801.33,2928293.12,PP,FC_Act_US,PP_FAC_Act_US_LC,FR41,5876542,PP_FAC_Act_US_LC,1138801.33,1789491.79,,0,2928293.12,1789491.79,MHP PERE,Mandats LBPAM MHP PERE,0,1789491.79,2928293.12,,PP_FAC_Act,MHP PERE HM ACT COTE
EXPORT_PRMP_ADP,2026-01-30T00:00:00,Groupe MH,MHP,MHP1R,FR0011049709,LBPAM SELECTION ACTIONS EMERGENTS,2227.14,2026-01-28T00:00:00,P,419,1,458188.66000000003,458188.66000000003,933171.66,PP,FC_Act_Emerg,PP_FAC_Act_Eme,FR41,4622717,PP_FAC_Act_Eme,458188.66000000003,474983,MSDEEEMN,-8.08171511953809E-05,933096.2437248626,474907.58372486255,MHP PERE,Mandats LBPAM MHP PERE,0,474907.58372486255,933096.2437248626,2026-01-29T00:00:00,PP_FAC_Act,MHP PERE HM ACT COTE
EXPORT_PRMP_ADP,2026-01-30T00:00:00,Groupe MH,MHP,MHP1R,FR0000986531,SELECTION VALEURS MOYENNES,991.41,2026-01-28T00:00:00,P,5400,1,2432947.11,2432947.11,5353614,PP,FC_Act_EUR,PP_FAC_Act_EUR_SMC,FR41,5873302,PP_FAC_Act_EUR_SMC,2432947.11,2920666.89,M7EM,-0.00664893617021277,5318018.162234043,2885071.052234043,MHP PERE,Mandats LBPAM MHP PERE,0,2885071.052234043,5318018.162234043,2026-01-29T00:00:00,PP_FAC_Act,MHP PERE HM ACT COTE
EXPORT_PRMP_ADP,2026-01-30T00:00:00,Groupe MH,MHP,MHP1R,FR0007045950,FEDERIS ISR EURO M,2456.77,2026-01-28T00:00:00,P,6659,1,9380768.99,9380768.99,16359631.43,PP,FC_Act_EUR,PP_FAC_Act_EUR_LC,FR41,5873492,PP_FAC_Act_EUR_LC,9380768.99,6978862.4399999995,M7EM,-0.00664893617021277,16250857.284853723,6870088.294853723,MHP PERE,Mandats LBPAM MHP PERE,0,6870088.294853723,16250857.284853723,2026-01-29T00:00:00,PP_FAC_Act,MHP PERE HM ACT COTE
EXPORT_PRMP_ADP,2026-01-30T00:00:00,Groupe MH,MHP,MHP1R,FR0007022967,LBPAM ACTIONS CROISSANCE EURO M,6668.39,2026-01-28T00:00:00,P,932,1,2417368.6799999997,2417368.6799999997,6214939.48,PP,FC_Act_EUR,PP_FAC_Act_EUR_LC,FR41,5873491,PP_FAC_Act_EUR_LC,2417368.6799999997,3797570.8000000007,M7EM,-0.00664893617021277,6173616.744095745,3756248.064095745,MHP PERE,Mandats LBPAM MHP PERE,0,3756248.064095745,6173616.744095745,2026-01-29T00:00:00,PP_FAC_Act,MHP PERE HM ACT COTE
EXPORT_PRMP_ADP,2026-01-30T00:00:00,Groupe MH,MHP,MHP2B,FR0012599645,GROUPAMA ULTRA SHT TERM BD IC,11100.57,2026-01-28T00:00:00,P,455.11,1,,,5051980.41,PP,FC_Taux_Autre,PP_FAC_Taux_Autre,FR43,5370699,PP_FAC_Taux_Autre,5051980.41,0,LECPTREU,0.000855782347020409,5056303.805652371,4323.395652370527,MHP AG,Hors mandat MHP AG,0,4323.395652370527,5056303.805652371,2026-01-28T00:00:00,PP_FAC_Taux,MHP HM ACT NC
EXPORT_PRMP_ADP,2026-01-30T00:00:00,Groupe MH,MHP,MHP2C,LU2066074910,BDLCM Funds BDL Transition E Acc,163.45,2026-01-28T00:00:00,P,72100,1,9938985,9938985,11784745,PP,FC_Act_exEUR,PP_FAC_Taux_Gov,LU41,11008390,PP_FAC_Taux_Gov,9938985,1845760,,0,11784745,1845760,MHP AG,Hors mandat MHP AG,0,1845760,11784745,,PP_FAC_Taux,MHP HM ACT COTE
EXPORT_PRMP_ADP,2026-01-30T00:00:00,Groupe MH,MHP,MHP2C,FR0010590950,OBJECTIF CREDIT FI-C,20096.32,2026-01-28T00:00:00,P,2568,1,48047074.559999995,48047074.559999995,51607349.76,PP,FC_Taux_Autre,PP_FAC_Taux_Corp_HY,FR42,2956515,PP_FAC_Taux_Corp_HY,48047074.559999995,3560275.200000003,LECPTREU,0.000855782347020409,51651514.41890111,3604439.8589011133,MHP AG,Hors mandat MHP AG,0,3604439.8589011133,51651514.41890111,2026-01-28T00:00:00,PP_FAC_Taux,MHP HM ACT COTE
EXPORT_PRMP_ADP,2026-01-30T00:00:00,Groupe MH,MHP,MHP2C,FR0007475975,MH Lazard action euro LC,518.74,2026-01-28T00:00:00,P,823202.19834,1,220965165.41304103,220965165.41304103,427027908.37,PP,FC_Act_EUR,PP_FAC_Act_EUR_LC,FR41,8009926,PP_FAC_Act_EUR_LC,220965165.41304103,206062742.95695898,M7EM,-0.00664893617021277,424188627.0643484,203223461.65130737,MHP AG,Hors mandat MHP AG,0,203223461.65130737,424188627.0643484,2026-01-29T00:00:00,PP_FAC_Act,MHP HM ACT COTE
EXPORT_PRMP_ADP,2026-01-30T00:00:00,Groupe MH,MHP,MHP2C,FR0007021936,FEDERIS ISR FRANCE MH,463.96,2026-01-28T00:00:00,P,202477,1,86652809.35000001,86652809.35000001,93941228.92,PP,FC_Act_EUR,PP_FAC_Act_EUR_LC,FR41,5873258,PP_FAC_Act_EUR_LC,86652809.35000001,7288419.569999993,M7EM,-0.00664893617021277,93316619.68515958,6663810.33515957,MHP AG,Hors mandat MHP AG,0,6663810.33515957,93316619.68515958,2026-01-29T00:00:00,PP_FAC_Act,MHP HM ACT COTE
EXPORT_PRMP_ADP,2026-01-30T00:00:00,Groupe MH,MHP,MHP2C,FR001400N7S5,MH EDRAM DIVERSIFIE,11466.53,2026-01-28T00:00:00,P,19315,1,199496299.18000004,199496299.18000004,221476026.95000002,PP,FC_Div,,FR44,10907450,PP_FAC_Act_EUR_LC,199496299.18000004,21979727.76999998,,0,221476026.95000002,21979727.76999998,MHP AG,Hors mandat MHP AG,0,21979727.76999998,221476026.95000002,,PP_FAC_Act,MHP HM ACT COTE
EXPORT_PRMP_ADP,2026-01-30T00:00:00,Groupe MH,MHP,MHP2C,FR001400WZF9,Fonds Objectif Biodiversit� Actions Cot�,11153.45,2026-01-28T00:00:00,P,1500,1,15000000,15000000,16730175,PP,FC_Act_Mixte,,XL41,11972345,PP_FAC_Act_EUR_LC,15000000,1730175,,0,16730175,1730175,MHP AG,Hors mandat MHP AG,0,1730175,16730175,,PP_FAC_Act,MHP HM ACT COTE
EXPORT_PRMP_ADP,2026-01-30T00:00:00,Groupe MH,MHP,MHP2C,LU2541301847,EdRF EM Climate Bonds S EUR H,108.42,2026-01-28T00:00:00,P,115822,1,11563668.48,11563668.48,12557421.24,PP,FC_Taux_Emerg,PP_FAC_Taux_Eme,LU42,11008396,PP_FAC_Taux_Eme,11563668.48,993752.7599999998,,0,12557421.24,993752.7599999998,MHP AG,Hors mandat MHP AG,0,993752.7599999998,12557421.24,,PP_FAC_Taux,MHP HM ACT COTE
EXPORT_PRMP_ADP,2026-01-30T00:00:00,Groupe MH,MHP,MHP2C,FR001400GS55,LBPAM ISR CONVS MONDE-MH,12749.9,2026-01-28T00:00:00,P,13260,1,162563489.4,162563489.4,169063674,PP,FC_Conv_Monde,PP_FAC_Conv_Global,FR42,10056894,PP_FAC_Conv_Global,162563489.4,6500184.599999994,UCBIFX13,0.0100697386430293,170766101.0112103,8202611.611210287,MHP AG,Hors mandat MHP AG,0,8202611.611210287,170766101.0112103,2026-01-28T00:00:00,PP_FAC_Conv,MHP HM ACT COTE
EXPORT_PRMP_ADP,2026-01-30T00:00:00,Groupe MH,MHP,MHP2C,FR0007053749,OSTRUM SRI CRDT ULTRA SHT PLSS,1755.03,2026-01-28T00:00:00,P,87914,1,140626954.03,140626954.03,154291707.42,PP,FC_Taux_Entr,PP_FAC_Taux_Corp_IG,FR42,8297652,PP_FAC_Taux_Corp_IG,140626954.03,13664753.389999986,LECPTREU,0.000855782347020409,154423747.53950164,13796793.509501636,MHP AG,Hors mandat MHP AG,0,13796793.509501636,154423747.53950164,2026-01-28T00:00:00,PP_FAC_Taux,MHP HM ACT COTE
EXPORT_PRMP_ADP,2026-01-30T00:00:00,Groupe MH,MHP,MHP2C,FR001400EBG6,MH Lazard Total Return,1141.31,2026-01-28T00:00:00,P,263978,1,285106487.94,285106487.94,301280731.18,PP,FC_Taux_Autre,PP_FAC_Taux_Autre,FR42,9745480,PP_FAC_Taux_Autre,285106487.94,16174243.24000001,LECPTREU,0.000855782347020409,301538561.91124123,16432073.971241236,MHP AG,Hors mandat MHP AG,0,16432073.971241236,301538561.91124123,2026-01-28T00:00:00,PP_FAC_Taux,MHP HM ACT COTE
EXPORT_PRMP_ADP,2026-01-30T00:00:00,Groupe MH,MHP,MHP2C,FR0007040365,MH EDRAM HYBRIDES CORPORATE,33799.47,2026-01-28T00:00:00,P,3354,1,107577490.98000002,107577490.98,113363422.38,PP,FC_Taux_HY,PP_FAC_Taux_Corp_HY,XL42,1334621,PP_FAC_Taux_Corp_HY,107577490.98,5785931.399999991,HE00,-0.000586382776522517,113296948.02162871,5719457.0416287035,MHP AG,Hors mandat MHP AG,0,5719457.0416287035,113296948.02162871,2026-01-29T00:00:00,PP_FAC_Taux,MHP HM ACT COTE
EXPORT_PRMP_ADP,2026-01-30T00:00:00,Groupe MH,MHP,MHP2C,FR0000986531,SELECTION VALEURS MOYENNES,991.41,2026-01-28T00:00:00,P,168110,1,138060805.9,138060805.9,166665935.1,PP,FC_Act_EUR,PP_FAC_Act_EUR_SMC,FR41,5873302,PP_FAC_Act_EUR_SMC,138060805.9,28605129.199999988,M7EM,-0.00664893617021277,165557783.93577126,27496978.03577125,MHP AG,Hors mandat MHP AG,0,27496978.03577125,165557783.93577126,2026-01-29T00:00:00,PP_FAC_Act,MHP HM ACT COTE
EXPORT_PRMP_ADP,2026-01-30T00:00:00,Groupe MH,MHP,MHP2C,FR0007045950,FEDERIS ISR EURO M,2456.77,2026-01-28T00:00:00,P,228208,1,492381762.91999996,492381762.91999996,560654568.16,PP,FC_Act_EUR,PP_FAC_Act_EUR_LC,FR41,5873492,PP_FAC_Act_EUR_LC,492381762.91999996,68272805.24000001,M7EM,-0.00664893617021277,556926811.7227659,64545048.802765965,MHP AG,Hors mandat MHP AG,0,64545048.802765965,556926811.7227659,2026-01-29T00:00:00,PP_FAC_Act,MHP HM ACT COTE
EXPORT_PRMP_ADP,2026-01-30T00:00:00,Groupe MH,MHP,MHP2C,FR0013032430,DOM REFLEX I,1250.04,2026-01-28T00:00:00,P,8115,1,10004334.299999999,10004334.299999999,10144074.6,PP,FC_Div,,FR44,7271877,PP_FAC_Act_EUR_LC,10004334.299999999,139740.30000000075,,0,10144074.6,139740.30000000075,MHP AG,Hors mandat MHP AG,0,139740.30000000075,10144074.6,,PP_FAC_Act,MHP HM ACT COTE
EXPORT_PRMP_ADP,2026-01-30T00:00:00,Groupe MH,MHP,MHP2C,FR001400MAX6,MH Lazard Diversifi�,1158.11,2026-01-28T00:00:00,P,129170,1,135965735.6,135965735.6,149593068.7,PP,FC_Div,PP_FAC_DIV_Autres,FR44,10831093,PP_FAC_DIV_Autres,135965735.6,13627333.099999994,,0,149593068.7,13627333.099999994,MHP AG,Hors mandat MHP AG,0,13627333.099999994,149593068.7,,PP_FAC_DIV,MHP HM ACT COTE
EXPORT_PRMP_ADP,2026-01-30T00:00:00,Groupe MH,MHP,MHP2C,FR0011790492,BDL REMPART EUROPE I,185.33,2026-01-28T00:00:00,P,136000,1,15116434,15116434,25204880,PP,FC_Alter_LS,PP_FAC_DIV_Autres,FR46,4373074,PP_FAC_DIV_Autres,15116434,10088446,,0,25204880,10088446,MHP AG,Hors mandat MHP AG,0,10088446,25204880,,PP_FAC_DIV,MHP HM ACT COTE
EXPORT_PRMP_ADP,2026-01-30T00:00:00,Groupe MH,MHP,MHP2C,FR001400CCX3,GEMEQUITY PART MH,149.29,2026-01-28T00:00:00,P,769495,1,103166055.69999999,103166055.69999999,114877908.55,PP,FC_Act_Emerg,PP_FAC_Act_Eme,XL41,9588501,PP_FAC_Act_Eme,103166055.69999999,11711852.850000009,MSDEEEMN,-8.08171511953809E-05,114868624.44469571,11702568.744695723,MHP AG,Hors mandat MHP AG,0,11702568.744695723,114868624.44469571,2026-01-29T00:00:00,PP_FAC_Act,MHP HM ACT COTE
EXPORT_PRMP_ADP,2026-01-30T00:00:00,Groupe MH,MHP,MHP2C,FR0011945989,MH EDRAM Euro Smidcap H - EUR,2189.13,2026-01-28T00:00:00,P,160709.63,1,234723560.97559997,234723560.97559997,351814272.32,PP,FC_Act_Mixte,PP_FAC_Act_EUR_LC,FR41,8426038,PP_FAC_Act_EUR_LC,234723560.97559997,117090711.34440002,,0,351814272.32,117090711.34440002,MHP AG,Hors mandat MHP AG,0,117090711.34440002,351814272.32,,PP_FAC_Act,MHP HM ACT COTE
EXPORT_PRMP_ADP,2026-01-30T00:00:00,Groupe MH,MHP,MHP5C,FR0007053749,OSTRUM SRI CRDT ULTRA SHT PLSS,1751.38,2026-01-28T00:00:00,P,2881,1,4604558.25,4604558.25,5045725.78,PP,FC_Taux_Entr,PP_FAC_Taux_Corp_IG,FR42,8297652,PP_FAC_Taux_Corp_IG,4604558.25,441167.53000000026,LECPTREU,0.000855782347020409,5050043.82305043,445485.57305043004,MHP AG,Hors mandat MHP AG,0,445485.57305043004,5050043.82305043,2026-01-28T00:00:00,PP_FAC_Taux,MHP HM NANTI ID
EXPORT_PRMP_ADP,2026-01-30T00:00:00,Groupe MH,MHP,MHP5D,FR0007053749,OSTRUM SRI CRDT ULTRA SHT PLSS,1751.38,2026-01-28T00:00:00,P,1071,1,1711725.75,1711725.75,1875727.98,PP,FC_Taux_Entr,PP_FAC_Taux_Corp_IG,FR42,8297652,PP_FAC_Taux_Corp_IG,1711725.75,164002.22999999998,LECPTREU,0.000855782347020409,1877333.194893096,165607.4448930961,MHP AG,Hors mandat MHP AG,0,165607.4448930961,1877333.194893096,2026-01-28T00:00:00,PP_FAC_Taux,MHP HM NANTI SMI
EXPORT_PRMP_ADP,2026-01-30T00:00:00,Groupe MH,MHP,MHP5E,FR0007053749,OSTRUM SRI CRDT ULTRA SHT PLSS,1751.38,2026-01-28T00:00:00,P,1135,1,1816454,1816454,1987816.3,PP,FC_Taux_Entr,PP_FAC_Taux_Corp_IG,FR42,8297652,PP_FAC_Taux_Corp_IG,1816454,171362.30000000005,LECPTREU,0.000855782347020409,1989517.4380986593,173063.43809865927,MHP AG,Hors mandat MHP AG,0,173063.43809865927,1989517.4380986593,2026-01-28T00:00:00,PP_FAC_Taux,MHP HM NANTI CNP
EXPORT_PRMP_ADP,2026-01-30T00:00:00,Groupe MH,MHP,MHP5F,FR0007053749,OSTRUM SRI CRDT ULTRA SHT PLSS,1751.38,2026-01-28T00:00:00,P,832,1,1329744,1329744,1457148.16,PP,FC_Taux_Entr,PP_FAC_Taux_Corp_IG,FR42,8297652,PP_FAC_Taux_Corp_IG,1329744,127404.15999999992,LECPTREU,0.000855782347020409,1458395.1616723211,128651.16167232115,MHP AG,Hors mandat MHP AG,0,128651.16167232115,1458395.1616723211,2026-01-28T00:00:00,PP_FAC_Taux,MHP HM NANT GENERALI
EXPORT_PRMP_ADP,2026-01-30T00:00:00,Groupe MH,MHRS,MRS2C,FR0011304278,TOCQUEVILLE MID CAP EURO ISRMH,3523.83,2026-01-28T00:00:00,P,1620,1,1731890,1731890,5708604.6,PP,FC_Act_EUR,PP_FAC_Act_EUR_SMC,FR41,7240253,PP_FAC_Act_EUR_SMC,1731890,3976714.5999999996,M7EM,-0.00664893617021277,5670648.452393617,3938758.4523936165,MHRS AG,Hors mandat MHRS AG,0,3938758.4523936165,5670648.452393617,2026-01-29T00:00:00,PP_FAC_Act,MHRS HM ACTIFS COTE
EXPORT_PRMP_ADP,2026-01-30T00:00:00,Groupe MH,MHRS,MRS2C,FR0011049709,LBPAM SELECTION ACTIONS EMERGENTS,2227.14,2026-01-28T00:00:00,P,1550,1,1554170,1554170,3452067,PP,FC_Act_Emerg,PP_FAC_Act_Eme,FR41,4622717,PP_FAC_Act_Eme,1554170,1897897,MSDEEEMN,-8.08171511953809E-05,3451788.0137793245,1897618.0137793245,MHRS AG,Hors mandat MHRS AG,0,1897618.0137793245,3451788.0137793245,2026-01-29T00:00:00,PP_FAC_Act,MHRS HM ACTIFS COTE
EXPORT_PRMP_ADP,2026-01-30T00:00:00,Groupe MH,MHRS,MRS2C,FR0007022793,LBPAM ACTIONS EX-EURO-M,5277.89,2026-01-28T00:00:00,P,1875,1,3843351.95,3843351.95,9896043.75,PP,FC_Act_exEUR,PP_FAC_Act_ExEUR,FR41,5873215,PP_FAC_Act_ExEUR,3843351.95,6052691.8,,0,9896043.75,6052691.8,MHRS AG,Hors mandat MHRS AG,0,6052691.8,9896043.75,,PP_FAC_Act,MHRS HM ACTIFS COTE
EXPORT_PRMP_ADP,2026-01-30T00:00:00,Groupe MH,MHRS,MRS2C,FR0007021936,FEDERIS ISR FRANCE MH,463.96,2026-01-28T00:00:00,P,800,1,105511.99999999999,105511.99999999999,371168,PP,FC_Act_EUR,PP_FAC_Act_EUR_LC,FR41,5873258,PP_FAC_Act_EUR_LC,105511.99999999999,265656,M7EM,-0.00664893617021277,368700.12765957444,263188.12765957444,MHRS AG,Hors mandat MHRS AG,0,263188.12765957444,368700.12765957444,2026-01-29T00:00:00,PP_FAC_Act,MHRS HM ACTIFS COTE
EXPORT_PRMP_ADP,2026-01-30T00:00:00,Groupe MH,MHRS,MRS2C,FR0007022967,LBPAM ACTIONS CROISSANCE EURO M,6668.39,2026-01-28T00:00:00,P,1584,1,3694444.3199999994,3694444.3199999994,10562729.76,PP,FC_Act_EUR,PP_FAC_Act_EUR_LC,FR41,5873491,PP_FAC_Act_EUR_LC,3694444.3199999994,6868285.44,M7EM,-0.00664893617021277,10492498.844042553,6798054.524042553,MHRS AG,Hors mandat MHRS AG,0,6798054.524042553,10492498.844042553,2026-01-29T00:00:00,PP_FAC_Act,MHRS HM ACTIFS COTE
EXPORT_PRMP_ADP,2026-01-30T00:00:00,Groupe MH,MHRS,MRS2C,FR0007045950,FEDERIS ISR EURO M,2456.77,2026-01-28T00:00:00,P,3910,1,2756712.8200000003,2756712.8200000003,9605970.7,PP,FC_Act_EUR,PP_FAC_Act_EUR_LC,FR41,5873492,PP_FAC_Act_EUR_LC,2756712.8200000003,6849257.879999999,M7EM,-0.00664893617021277,9542101.213962765,6785388.393962765,MHRS AG,Hors mandat MHRS AG,0,6785388.393962765,9542101.213962765,2026-01-29T00:00:00,PP_FAC_Act,MHRS HM ACTIFS COTE
EXPORT_PRMP_ADP,2026-01-30T00:00:00,Groupe MH,MHRS,MRS2C,FR001400OLK6,MH AMUNDI ACTIONS EURO U,126.12,2026-01-28T00:00:00,P,1,1,100,100,126.12,PP,FC_Act_EUR,PP_FAC_Act_EUR_LC,FR41,11110054,PP_FAC_Act_EUR_LC,100,26.120000000000005,M7EM,-0.00664893617021277,125.28143617021277,25.28143617021277,MHRS AG,Hors mandat MHRS AG,0,25.28143617021277,125.28143617021277,2026-01-29T00:00:00,PP_FAC_Act,MHRS HM ACTIFS COTE
EXPORT_PRMP_ADP,2026-01-30T00:00:00,Groupe MH,MHRS,MRS2C,FR0007057674,FEDERIS ISR ACTIONS US MM,4410.08,2026-01-28T00:00:00,P,3059,1,4316548.46,4316548.46,13490434.719999999,PP,FC_Act_US,PP_FAC_Act_US_LC,FR41,5876542,PP_FAC_Act_US_LC,4316548.46,9173886.259999998,,0,13490434.719999999,9173886.259999998,MHRS AG,Hors mandat MHRS AG,0,9173886.259999998,13490434.719999999,,PP_FAC_Act,MHRS HM ACTIFS COTE
EXPORT_PRMP_ADP,2026-01-30T00:00:00,Groupe MH,MHRS,MRS2C,LU0593537219,OSTRUM EURO HIGH INCOME FD IDE,97.19,2026-01-28T00:00:00,P,15760,1,1361984.8,1361984.8,1531714.4,PP,FC_Taux_HY,PP_FAC_Taux_Corp_HY,LU42,7240285,PP_FAC_Taux_Corp_HY,1361984.8,169729.59999999986,HE00,-0.000586382776522517,1530816.2290572883,168831.42905728822,MHRS AG,Hors mandat MHRS AG,0,168831.42905728822,1530816.2290572883,2026-01-29T00:00:00,PP_FAC_Taux,MHRS HM ACTIFS COTE
EXPORT_PRMP_ADP,2026-01-30T00:00:00,Groupe MH,MHRS,MRS2C,FR0011034560,EDR FINANCIAL BDS S,1499.73,2026-01-28T00:00:00,P,2093,1,2332830.74,2332830.74,3138934.89,PP,FC_Taux_Autre,PP_FAC_Taux_Corp_HY,FR42,4879142,PP_FAC_Taux_Corp_HY,2332830.74,806104.1499999999,LECPTREU,0.000855782347020409,3141621.1350673083,808790.3950673081,MHRS AG,Hors mandat MHRS AG,0,808790.3950673081,3141621.1350673083,2026-01-28T00:00:00,PP_FAC_Taux,MHRS HM ACTIFS COTE
EXPORT_PRMP_ADP,2026-01-30T00:00:00,Groupe MH,AUXIA,AUX2E,FR0011304278,TOCQUEVILLE MID CAP EURO ISRMH,3523.83,2026-01-28T00:00:00,P,1300,1,2478112,2478112,4580979,PP,FC_Act_EUR,PP_FAC_Act_EUR_SMC,FR41,7240253,PP_FAC_Act_EUR_SMC,2478112,2102867,M7EM,-0.00664893617021277,4550520.363031914,2072408.3630319145,AUXIA AG,Hors mandat AUXIA AG,0,2072408.3630319145,4550520.363031914,2026-01-29T00:00:00,PP_FAC_Act,AUXIA HM ACT COTE
EXPORT_PRMP_ADP,2026-01-30T00:00:00,Groupe MH,MHRS,MRS2C,FR0007074166,LBPAM ACTIONS VALUE EURO,3449.45,2026-01-28T00:00:00,P,4278,1,5692267.63,5692267.63,14756747.100000001,PP,FC_Act_EUR,PP_FAC_Act_EUR_LC,FR41,5873493,PP_FAC_Act_EUR_LC,5692267.63,9064479.470000003,M7EM,-0.00664893617021277,14658630.430452129,8966362.800452128,MHRS AG,Hors mandat MHRS AG,0,8966362.800452128,14658630.430452127,2026-01-29T00:00:00,PP_FAC_Act,MHRS HM ACTIFS COTE
EXPORT_PRMP_ADP,2026-01-30T00:00:00,Groupe MH,MHRS,MRS2C,FR0000986531,SELECTION VALEURS MOYENNES,991.41,2026-01-28T00:00:00,P,6580,1,1417462,1417462,6523477.8,PP,FC_Act_EUR,PP_FAC_Act_EUR_SMC,FR41,5873302,PP_FAC_Act_EUR_SMC,1417462,5106015.8,M7EM,-0.00664893617021277,6480103.6125,5062641.6125,MHRS AG,Hors mandat MHRS AG,0,5062641.6125,6480103.6125,2026-01-29T00:00:00,PP_FAC_Act,MHRS HM ACTIFS COTE
EXPORT_PRMP_ADP,2026-01-30T00:00:00,Groupe MH,MHRS,MRS2C,FR0011441583,LBPAM ISR Opti Euro Equity MH,2518.58,2026-01-28T00:00:00,P,18900,1,20728005,20728005.000000004,47601162,PP,FC_Act_EUR,PP_FAC_Act_EUR_LC,FR41,5873494,PP_FAC_Act_EUR_LC,20728005.000000004,26873156.999999996,M7EM,-0.00664893617021277,47284664.91223404,26556659.912234034,MHRS AG,Hors mandat MHRS AG,0,26556659.912234034,47284664.91223404,2026-01-29T00:00:00,PP_FAC_Act,MHRS HM ACTIFS COTE
EXPORT_PRMP_ADP,2026-01-30T00:00:00,Groupe MH,MHRS,MRS2C,FR0007040365,MH EDRAM HYBRIDES CORPORATE,33799.47,2026-01-28T00:00:00,P,270,1,3716498.1300000004,3716498.1300000004,9125856.9,PP,FC_Taux_HY,PP_FAC_Taux_Corp_HY,XL42,1334621,PP_FAC_Taux_Corp_HY,3716498.1300000004,5409358.77,HE00,-0.000586382776522517,9120505.65469283,5404007.52469283,MHRS AG,Hors mandat MHRS AG,0,5404007.52469283,9120505.65469283,2026-01-29T00:00:00,PP_FAC_Taux,MHRS HM ACTIFS COTE
EXPORT_PRMP_ADP,2026-01-30T00:00:00,Groupe MH,MHRS,MRS2C,FR0014010YJ4,LBPAM ISR Actions Focus Euro I2,10445.96,2026-01-28T00:00:00,P,532.21668,1,1696133.3395103505,1696133.3395103507,5559514.15,PP,FC_Act_EUR,,FR41,12771012,PP_FAC_Act_EUR_LC,1696133.3395103507,3863380.81048965,M7EM,-0.00664893617021277,5522549.295279255,3826415.9557689046,MHRS AG,Hors mandat MHRS AG,0,3826415.9557689046,5522549.295279255,2026-01-29T00:00:00,PP_FAC_Act,MHRS HM ACTIFS COTE
EXPORT_PRMP_ADP,2026-01-30T00:00:00,Groupe MH,MUTUELLE MH,MMH2C,FR0011034560,EDR FINANCIAL BDS S,1499.73,2026-01-28T00:00:00,P,1184,1,1192613.92,1192613.92,1775680.32,PP,FC_Taux_Autre,PP_FAC_Taux_Corp_HY,FR42,4879142,PP_FAC_Taux_Corp_HY,1192613.92,583066.4000000001,LECPTREU,0.000855782347020409,1777199.9158718074,584585.9958718074,MMH AG,Hors mandat MUTUELLE MH AG,0,584585.9958718074,1777199.9158718074,2026-01-28T00:00:00,PP_FAC_Taux,MHM HM ACTIFS COTE
EXPORT_PRMP_ADP,2026-01-30T00:00:00,Groupe MH,MUTUELLE MH,MMH2C,FR001400EBG6,MH Lazard Total Return,1141.31,2026-01-28T00:00:00,P,7395,1,7505213.85,7505213.85,8439987.45,PP,FC_Taux_Autre,PP_FAC_Taux_Autre,FR42,9745480,PP_FAC_Taux_Autre,7505213.85,934773.5999999996,LECPTREU,0.000855782347020409,8447210.242268782,941996.3922687825,MMH AG,Hors mandat MUTUELLE MH AG,0,941996.3922687825,8447210.242268782,2026-01-28T00:00:00,PP_FAC_Taux,MHM HM ACTIFS COTE
EXPORT_PRMP_ADP,2026-01-30T00:00:00,Groupe MH,MUTUELLE MH,MMH2C,FR0000986531,SELECTION VALEURS MOYENNES,991.41,2026-01-28T00:00:00,P,8102,1,5435895.159999999,5435895.159999999,8032403.82,PP,FC_Act_EUR,PP_FAC_Act_EUR_SMC,FR41,5873302,PP_FAC_Act_EUR_SMC,5435895.159999999,2596508.660000001,M7EM,-0.00664893617021277,7978996.879707447,2543101.719707448,MMH AG,Hors mandat MUTUELLE MH AG,0,2543101.719707448,7978996.879707447,2026-01-29T00:00:00,PP_FAC_Act,MHM HM ACTIFS COTE
EXPORT_PRMP_ADP,2026-01-30T00:00:00,Groupe MH,MUTUELLE MH,MMH2C,FR0007022967,LBPAM ACTIONS CROISSANCE EURO M,6668.39,2026-01-28T00:00:00,P,299,1,1431845.22,1431845.22,1993848.61,PP,FC_Act_EUR,PP_FAC_Act_EUR_LC,FR41,5873491,PP_FAC_Act_EUR_LC,1431845.22,562003.3900000001,M7EM,-0.00664893617021277,1980591.6378590427,548746.4178590428,MMH AG,Hors mandat MUTUELLE MH AG,0,548746.4178590428,1980591.6378590427,2026-01-29T00:00:00,PP_FAC_Act,MHM HM ACTIFS COTE
EXPORT_PRMP_ADP,2026-01-30T00:00:00,Groupe MH,MUTUELLE MH,MMH2C,LU1585264762,TIKEHAU SUBFIN FUND I CAP,224.91,2026-01-28T00:00:00,P,8484,1,1810485.6,1810485.6,1908136.44,PP,FC_Taux_HY,PP_FAC_Taux_Corp_HY,LU49,7240288,PP_FAC_Taux_Corp_HY,1810485.6,97650.83999999985,HE00,-0.000586382776522517,1907017.5416563288,96531.94165632874,MMH AG,Hors mandat MUTUELLE MH AG,0,96531.94165632874,1907017.5416563288,2026-01-29T00:00:00,PP_FAC_Taux,MHM HM ACTIFS COTE
EXPORT_PRMP_ADP,2026-01-30T00:00:00,Groupe MH,MUTUELLE MH,MMH2C,FR0007053749,OSTRUM SRI CRDT ULTRA SHT PLSS,1755.03,2026-01-28T00:00:00,P,2859,1,4389108.21,4389108.21,5017630.77,PP,FC_Taux_Entr,PP_FAC_Taux_Corp_IG,FR42,8297652,PP_FAC_Taux_Corp_IG,4389108.21,628522.5599999996,LECPTREU,0.000855782347020409,5021924.769836832,632816.5598368319,MMH AG,Hors mandat MUTUELLE MH AG,0,632816.5598368319,5021924.769836832,2026-01-28T00:00:00,PP_FAC_Taux,MHM HM ACTIFS COTE
EXPORT_PRMP_ADP,2026-01-30T00:00:00,Groupe MH,MUTUELLE MH,MMH2C,FR0007045950,FEDERIS ISR EURO M,2456.77,2026-01-28T00:00:00,P,1121,1,1126750.73,1126750.73,2754039.17,PP,FC_Act_EUR,PP_FAC_Act_EUR_LC,FR41,5873492,PP_FAC_Act_EUR_LC,1126750.73,1627288.44,M7EM,-0.00664893617021277,2735727.739348404,1608977.0093484041,MMH AG,Hors mandat MUTUELLE MH AG,0,1608977.0093484041,2735727.739348404,2026-01-29T00:00:00,PP_FAC_Act,MHM HM ACTIFS COTE
EXPORT_PRMP_ADP,2026-01-30T00:00:00,Groupe MH,MUTUELLE MH,MMH2C,FR001400CCX3,GEMEQUITY PART MH,149.29,2026-01-28T00:00:00,P,27856,1,2973227.24,2973227.24,4158622.24,PP,FC_Act_Emerg,PP_FAC_Act_Eme,XL41,9588501,PP_FAC_Act_Eme,2973227.24,1185395,MSDEEEMN,-8.08171511953809E-05,4158286.151997666,1185058.9119976657,MMH AG,Hors mandat MUTUELLE MH AG,0,1185058.9119976657,4158286.151997666,2026-01-29T00:00:00,PP_FAC_Act,MHM HM ACTIFS COTE
EXPORT_PRMP_ADP,2026-01-30T00:00:00,Groupe MH,MUTUELLE MH,MMH2C,FR0007040365,MH EDRAM HYBRIDES CORPORATE,33799.47,2026-01-28T00:00:00,P,56,1,1511236.1600000001,1511236.1600000001,1892770.32,PP,FC_Taux_HY,PP_FAC_Taux_Corp_HY,XL42,1334621,PP_FAC_Taux_Corp_HY,1511236.1600000001,381534.1599999999,HE00,-0.000586382776522517,1891660.4320844389,380424.2720844387,MMH AG,Hors mandat MUTUELLE MH AG,0,380424.2720844387,1891660.4320844389,2026-01-29T00:00:00,PP_FAC_Taux,MHM HM ACTIFS COTE
EXPORT_PRMP_ADP,2026-01-30T00:00:00,Groupe MH,MUTUELLE MH,MMH2C,FR0014003QV0,LBPAM ISR ACTIONS ENVIRON-MH,13711.05,2026-01-28T00:00:00,P,475,1,4750000,4750000,6512748.75,PP,FC_Act_EUR,PP_FAC_Act_EUR_LC,FR41,9529463,PP_FAC_Act_EUR_LC,4750000,1762748.75,M7EM,-0.00664893617021277,6469445.899268617,1719445.899268617,MMH AG,Hors mandat MUTUELLE MH AG,0,1719445.899268617,6469445.899268617,2026-01-29T00:00:00,PP_FAC_Act,MHM HM ACTIFS COTE
EXPORT_PRMP_ADP,2026-01-30T00:00:00,Groupe MH,MUTUELLE MH,MMH2C,FR0011441583,LBPAM ISR Opti Euro Equity MH,2518.58,2026-01-28T00:00:00,P,10935,1,16705930.200000001,16705930.200000001,27540672.3,PP,FC_Act_EUR,PP_FAC_Act_EUR_LC,FR41,5873494,PP_FAC_Act_EUR_LC,16705930.200000001,10834742.1,M7EM,-0.00664893617021277,27357556.127792552,10651625.927792551,MMH AG,Hors mandat MUTUELLE MH AG,0,10651625.927792551,27357556.127792552,2026-01-29T00:00:00,PP_FAC_Act,MHM HM ACTIFS COTE
EXPORT_PRMP_ADP,2026-01-30T00:00:00,Groupe MH,MUTUELLE MH,MMH2C,FR0007057674,FEDERIS ISR ACTIONS US MM,4410.08,2026-01-28T00:00:00,P,295,1,1228087.95,1228087.95,1300973.6,PP,FC_Act_US,PP_FAC_Act_US_LC,FR41,5876542,PP_FAC_Act_US_LC,1228087.95,72885.65000000014,,0,1300973.6,72885.65000000014,MMH AG,Hors mandat MUTUELLE MH AG,0,72885.65000000014,1300973.6,,PP_FAC_Act,MHM HM ACTIFS COTE
EXPORT_PRMP_ADP,2026-01-30T00:00:00,Groupe MH,MUTUELLE MH,MMH2C,FR0011304278,TOCQUEVILLE MID CAP EURO ISRMH,3523.83,2026-01-28T00:00:00,P,402,1,789805.18,789805.18,1416579.66,PP,FC_Act_EUR,PP_FAC_Act_EUR_SMC,FR41,7240253,PP_FAC_Act_EUR_SMC,789805.18,626774.4799999999,M7EM,-0.00664893617021277,1407160.912260638,617355.732260638,MMH AG,Hors mandat MUTUELLE MH AG,0,617355.732260638,1407160.912260638,2026-01-29T00:00:00,PP_FAC_Act,MHM HM ACTIFS COTE
EXPORT_PRMP_ADP,2026-01-30T00:00:00,Groupe MH,MUTUELLE MH,MMH2C,FR0010590950,OBJECTIF CREDIT FI-C,20096.32,2026-01-28T00:00:00,P,92,1,1179349.56,1179349.56,1848861.44,PP,FC_Taux_Autre,PP_FAC_Taux_Corp_HY,FR42,2956515,PP_FAC_Taux_Corp_HY,1179349.56,669511.8799999999,LECPTREU,0.000855782347020409,1850443.6629824385,671094.1029824384,MMH AG,Hors mandat MUTUELLE MH AG,0,671094.1029824384,1850443.6629824385,2026-01-28T00:00:00,PP_FAC_Taux,MHM HM ACTIFS COTE
EXPORT_PRMP_ADP,2026-01-30T00:00:00,Groupe MH,MHRS,MRS2F,FR0000986531,SELECTION VALEURS MOYENNES,991.41,2026-01-28T00:00:00,P,546,1,301354.45999999996,301354.45999999996,541309.86,PP,FC_Act_EUR,PP_FAC_Act_EUR_SMC,FR41,5873302,PP_FAC_Act_EUR_SMC,301354.45999999996,239955.40000000002,M7EM,-0.00664893617021277,537710.7252925532,236356.26529255323,MHRS MICHELIN,Hors mandat MHRS MICHELIN,0,236356.26529255323,537710.7252925532,2026-01-29T00:00:00,PP_FAC_Act,MHRS MICHELIN HM ACT COTE
EXPORT_PRMP_ADP,2026-01-30T00:00:00,Groupe MH,MHRS,MRS2F,FR0007022967,LBPAM ACTIONS CROISSANCE EURO M,6668.39,2026-01-28T00:00:00,P,58,1,193215.49,193215.49,386766.62,PP,FC_Act_EUR,PP_FAC_Act_EUR_LC,FR41,5873491,PP_FAC_Act_EUR_LC,193215.49,193551.13,M7EM,-0.00664893617021277,384195.03343085106,190979.54343085107,MHRS MICHELIN,Hors mandat MHRS MICHELIN,0,190979.54343085107,384195.03343085106,2026-01-29T00:00:00,PP_FAC_Act,MHRS MICHELIN HM ACT COTE
EXPORT_PRMP_ADP,2026-01-30T00:00:00,Groupe MH,MHRS,MRS2F,FR0007045950,FEDERIS ISR EURO M,2456.77,2026-01-28T00:00:00,P,1562,1,1973456.13,1973456.13,3837474.74,PP,FC_Act_EUR,PP_FAC_Act_EUR_LC,FR41,5873492,PP_FAC_Act_EUR_LC,1973456.13,1864018.6100000003,M7EM,-0.00664893617021277,3811959.6153989364,1838503.4853989366,MHRS MICHELIN,Hors mandat MHRS MICHELIN,0,1838503.4853989366,3811959.6153989364,2026-01-29T00:00:00,PP_FAC_Act,MHRS MICHELIN HM ACT COTE
EXPORT_PRMP_ADP,2026-01-30T00:00:00,Groupe MH,MHRS,MRS2F,FR0011441583,LBPAM ISR Opti Euro Equity MH,2518.58,2026-01-28T00:00:00,P,250,1,363715.33,363715.33,629645,PP,FC_Act_EUR,PP_FAC_Act_EUR_LC,FR41,5873494,PP_FAC_Act_EUR_LC,363715.33,265929.67,M7EM,-0.00664893617021277,625458.5305851063,261743.20058510633,MHRS MICHELIN,Hors mandat MHRS MICHELIN,0,261743.20058510633,625458.5305851063,2026-01-29T00:00:00,PP_FAC_Act,MHRS MICHELIN HM ACT COTE
EXPORT_PRMP_ADP,2026-01-30T00:00:00,Groupe MH,MHRS,MRS2F,FR0007057674,FEDERIS ISR ACTIONS US MM,4410.08,2026-01-28T00:00:00,P,208,1,699104.29,699104.29,917296.64,PP,FC_Act_US,PP_FAC_Act_US_LC,FR41,5876542,PP_FAC_Act_US_LC,699104.29,218192.34999999998,,0,917296.64,218192.34999999998,MHRS MICHELIN,Hors mandat MHRS MICHELIN,0,218192.34999999998,917296.64,,PP_FAC_Act,MHRS MICHELIN HM ACT COTE
EXPORT_PRMP_ADP,2026-01-30T00:00:00,Groupe MH,QUATREM,QUA2B,FR0010106849,BNP INDICE FRANCE ESG CL D,437.14,2026-01-28T00:00:00,P,386.1,1,104452.65988470001,104452.65988470001,168779.75,PP,FC_Act_EUR,PP_FAC_Act_EUR_LC,FR41,8466172,PP_FAC_Act_EUR_LC,104452.65988470001,64327.09011529999,M7EM,-0.00664893617021277,167657.54421542553,63204.884330725516,QUATREM AG,Hors mandat QUATREM AG,0,63204.884330725516,167657.54421542553,2026-01-29T00:00:00,PP_FAC_Act,QUATREM HM ACT NC
EXPORT_PRMP_ADP,2026-01-30T00:00:00,Groupe MH,QUATREM,QUA2A,LU0970532437,LFAM MULTI OBLIG I CAP,1159.05,2026-01-28T00:00:00,P,0.0019999999999527063,1,2.44,2.44,2.32,PP,FC_Taux_Souv,PP_FAC_Taux_Gov,LU42,4564784,PP_FAC_Taux_Gov,2.44,-0.1200000000000001,,0,2.32,-0.1200000000000001,QUATREM AG,Hors mandat QUATREM AG,0,-0.1200000000000001,2.32,,PP_FAC_Taux,QUATREM HM ACT COTE
EXPORT_PRMP_ADP,2026-01-30T00:00:00,Groupe MH,QUATREM,QUA2A,FR0011034560,EDR FINANCIAL BDS S,1499.73,2026-01-28T00:00:00,P,10494.819,1,10410497.400865804,10410497.400865804,15739394.9,PP,FC_Taux_Autre,PP_FAC_Taux_Corp_HY,FR42,4879142,PP_FAC_Taux_Corp_HY,10410497.400865804,5328897.499134196,LECPTREU,0.000855782347020409,15752864.396308202,5342366.995442398,QUATREM AG,Hors mandat QUATREM AG,0,5342366.995442398,15752864.396308202,2026-01-28T00:00:00,PP_FAC_Taux,QUATREM HM ACT COTE
EXPORT_PRMP_ADP,2026-01-30T00:00:00,Groupe MH,QUATREM,QUA2A,FR0010590950,OBJECTIF CREDIT FI-C,20096.32,2026-01-28T00:00:00,P,468.382,1,6110803.439816754,6110803.439816754,9412754.55,PP,FC_Taux_Autre,PP_FAC_Taux_Corp_HY,FR42,2956515,PP_FAC_Taux_Corp_HY,6110803.439816754,3301951.1101832464,LECPTREU,0.000855782347020409,9420809.819180725,3310006.379363971,QUATREM AG,Hors mandat QUATREM AG,0,3310006.379363971,9420809.819180725,2026-01-28T00:00:00,PP_FAC_Taux,QUATREM HM ACT COTE
EXPORT_PRMP_ADP,2026-01-30T00:00:00,Groupe MH,QUATREM,QUA2A,FR0007021936,FEDERIS ISR FRANCE MH,463.96,2026-01-28T00:00:00,P,104300,1,19871568.76,19871568.76,48391028,PP,FC_Act_EUR,PP_FAC_Act_EUR_LC,FR41,5873258,PP_FAC_Act_EUR_LC,19871568.76,28519459.24,M7EM,-0.00664893617021277,48069279.14361702,28197710.383617017,QUATREM AG,Hors mandat QUATREM AG,0,28197710.383617017,48069279.14361702,2026-01-29T00:00:00,PP_FAC_Act,QUATREM HM ACT COTE
EXPORT_PRMP_ADP,2026-01-30T00:00:00,Groupe MH,QUATREM,QUA2A,FR0007045950,FEDERIS ISR EURO M,2456.77,2026-01-28T00:00:00,P,10373,1,12305904.819999998,12305904.819999998,25484075.21,PP,FC_Act_EUR,PP_FAC_Act_EUR_LC,FR41,5873492,PP_FAC_Act_EUR_LC,12305904.819999998,13178170.390000002,M7EM,-0.00664893617021277,25314633.22057181,13008728.40057181,QUATREM AG,Hors mandat QUATREM AG,0,13008728.40057181,25314633.22057181,2026-01-29T00:00:00,PP_FAC_Act,QUATREM HM ACT COTE
EXPORT_PRMP_ADP,2026-01-30T00:00:00,Groupe MH,QUATREM,QUA2A,FR0011441583,LBPAM ISR Opti Euro Equity MH,2518.58,2026-01-28T00:00:00,P,105623,1,119171160.15000002,119171160.15000002,266019975.34,PP,FC_Act_EUR,PP_FAC_Act_EUR_LC,FR41,5873494,PP_FAC_Act_EUR_LC,119171160.15000002,146848815.19,M7EM,-0.00664893617021277,264251225.50396276,145080065.35396272,QUATREM AG,Hors mandat QUATREM AG,0,145080065.35396272,264251225.50396276,2026-01-29T00:00:00,PP_FAC_Act,QUATREM HM ACT COTE
EXPORT_PRMP_ADP,2026-01-30T00:00:00,Groupe MH,QUATREM,QUA2A,FR001400MAX6,MH Lazard Diversifi�,1158.11,2026-01-28T00:00:00,P,63200,1,64177988,64177988,73192552,PP,FC_Div,PP_FAC_DIV_Autres,FR44,10831093,PP_FAC_DIV_Autres,64177988,9014564,,0,73192552,9014564,QUATREM AG,Hors mandat QUATREM AG,0,9014564,73192552,,PP_FAC_DIV,QUATREM HM ACT COTE
EXPORT_PRMP_ADP,2026-01-30T00:00:00,Groupe MH,QUATREM,QUA2A,LU1585264762,TIKEHAU SUBFIN FUND I CAP,224.91,2026-01-28T00:00:00,P,95207,1,15913415.509999998,15913415.51,21413006.37,PP,FC_Taux_HY,PP_FAC_Taux_Corp_HY,LU49,7240288,PP_FAC_Taux_Corp_HY,15913415.51,5499590.860000001,HE00,-0.000586382776522517,21400450.151871067,5487034.641871067,QUATREM AG,Hors mandat QUATREM AG,0,5487034.641871067,21400450.151871067,2026-01-29T00:00:00,PP_FAC_Taux,QUATREM HM ACT COTE
EXPORT_PRMP_ADP,2026-01-30T00:00:00,Groupe MH,QUATREM,QUA2A,FR0007022967,LBPAM ACTIONS CROISSANCE EURO M,6668.39,2026-01-28T00:00:00,P,3760,1,10906823.4,10906823.4,25073146.400000002,PP,FC_Act_EUR,PP_FAC_Act_EUR_LC,FR41,5873491,PP_FAC_Act_EUR_LC,10906823.4,14166323.000000002,M7EM,-0.00664893617021277,24906436.650000002,13999613.250000002,QUATREM AG,Hors mandat QUATREM AG,0,13999613.250000002,24906436.650000002,2026-01-29T00:00:00,PP_FAC_Act,QUATREM HM ACT COTE
EXPORT_PRMP_ADP,2026-01-30T00:00:00,Groupe MH,QUATREM,QUA2A,FR0007057674,FEDERIS ISR ACTIONS US MM,4410.08,2026-01-28T00:00:00,P,7301,1,14814235.219999999,14814235.219999999,32197994.080000002,PP,FC_Act_US,PP_FAC_Act_US_LC,FR41,5876542,PP_FAC_Act_US_LC,14814235.219999999,17383758.860000003,,0,32197994.080000002,17383758.860000003,QUATREM AG,Hors mandat QUATREM AG,0,17383758.860000003,32197994.080000002,,PP_FAC_Act,QUATREM HM ACT COTE
EXPORT_PRMP_ADP,2026-01-30T00:00:00,Groupe MH,QUATREM,QUA2A,FR0000986531,SELECTION VALEURS MOYENNES,991.41,2026-01-28T00:00:00,P,41496,1,17504471.439999998,17504471.439999998,41139549.36,PP,FC_Act_EUR,PP_FAC_Act_EUR_SMC,FR41,5873302,PP_FAC_Act_EUR_SMC,17504471.439999998,23635077.92,M7EM,-0.00664893617021277,40866015.12223404,23361543.68223404,QUATREM AG,Hors mandat QUATREM AG,0,23361543.68223404,40866015.12223404,2026-01-29T00:00:00,PP_FAC_Act,QUATREM HM ACT COTE
EXPORT_PRMP_ADP,2026-01-30T00:00:00,Groupe MH,QUATREM,QUA2A,FR0007074166,LBPAM ACTIONS VALUE EURO,3449.45,2026-01-28T00:00:00,P,12283,1,17718238.380000003,17718238.380000003,42369594.35,PP,FC_Act_EUR,PP_FAC_Act_EUR_LC,FR41,5873493,PP_FAC_Act_EUR_LC,17718238.380000003,24651355.97,M7EM,-0.00664893617021277,42087881.62160905,24369643.241609044,QUATREM AG,Hors mandat QUATREM AG,0,24369643.241609044,42087881.62160905,2026-01-29T00:00:00,PP_FAC_Act,QUATREM HM ACT COTE
EXPORT_PRMP_ADP,2026-01-30T00:00:00,Groupe MH,QUATREM,QUA2A,FR0007040365,MH EDRAM HYBRIDES CORPORATE,33799.47,2026-01-28T00:00:00,P,433,1,10075277.819999998,10075277.819999998,14635170.51,PP,FC_Taux_HY,PP_FAC_Taux_Corp_HY,XL42,1334621,PP_FAC_Taux_Corp_HY,10075277.819999998,4559892.690000001,HE00,-0.000586382776522517,14626588.698081465,4551310.878081467,QUATREM AG,Hors mandat QUATREM AG,0,4551310.878081467,14626588.698081465,2026-01-29T00:00:00,PP_FAC_Taux,QUATREM HM ACT COTE
EXPORT_PRMP_ADP,2026-01-30T00:00:00,Groupe MH,QUATREM,QUA2A,LU2541301847,EdRF EM Climate Bonds S EUR H,108.42,2026-01-28T00:00:00,P,43944,1,4387368.96,4387368.96,4764408.48,PP,FC_Taux_Emerg,PP_FAC_Taux_Eme,LU42,11008396,PP_FAC_Taux_Eme,4387368.96,377039.5200000005,,0,4764408.48,377039.5200000005,QUATREM AG,Hors mandat QUATREM AG,0,377039.5200000005,4764408.48,,PP_FAC_Taux,QUATREM HM ACT COTE
EXPORT_PRMP_ADP,2026-01-30T00:00:00,Groupe MH,QUATREM,QUA2A,FR0007023700,EQUILIBRE DISCOVERY,628.22,2026-01-28T00:00:00,P,0.53,1,227.27999964000003,227.27999964000003,332.96,PP,FC_Div,PP_FAC_DIV_Autres,FR41,8470123,PP_FAC_DIV_Autres,227.27999964000003,105.68000035999995,,0,332.96,105.68000035999995,QUATREM AG,Hors mandat QUATREM AG,0,105.68000035999995,332.96,,PP_FAC_DIV,QUATREM HM ACT COTE
EXPORT_PRMP_ADP,2026-01-30T00:00:00,Groupe MH,QUATREM,QUA2A,FR001400EBG6,MH Lazard Total Return,1141.31,2026-01-28T00:00:00,P,81307,1,83393623.56,83393623.56,92796492.16999999,PP,FC_Taux_Autre,PP_FAC_Taux_Autre,FR42,9745480,PP_FAC_Taux_Autre,83393623.56,9402868.609999985,LECPTREU,0.000855782347020409,92875905.76986448,9482282.209864482,QUATREM AG,Hors mandat QUATREM AG,0,9482282.209864482,92875905.76986448,2026-01-28T00:00:00,PP_FAC_Taux,QUATREM HM ACT COTE
EXPORT_PRMP_ADP,2026-01-30T00:00:00,Groupe MH,QUATREM,QUA2A,FR001400CCX3,GEMEQUITY PART MH,149.29,2026-01-28T00:00:00,P,326337,1,34458500.61,34458500.61,48718850.73,PP,FC_Act_Emerg,PP_FAC_Act_Eme,XL41,9588501,PP_FAC_Act_Eme,34458500.61,14260350.119999997,MSDEEEMN,-8.08171511953809E-05,48714913.411274485,14256412.801274486,QUATREM AG,Hors mandat QUATREM AG,0,14256412.801274486,48714913.411274485,2026-01-29T00:00:00,PP_FAC_Act,QUATREM HM ACT COTE
EXPORT_PRMP_ADP,2026-01-30T00:00:00,Groupe MH,QUATREM,QUA2A,FR001400N7S5,MH EDRAM DIVERSIFIE,11466.53,2026-01-28T00:00:00,P,5000,1,50000000,50000000,57332650,PP,FC_Div,,FR44,10907450,PP_FAC_Act_EUR_LC,50000000,7332650,,0,57332650,7332650,QUATREM AG,Hors mandat QUATREM AG,0,7332650,57332650,,PP_FAC_Act,QUATREM HM ACT COTE
EXPORT_PRMP_ADP,2026-01-30T00:00:00,Groupe MH,QUATREM,QUA2A,LU2066074910,BDLCM Funds BDL Transition E Acc,163.45,2026-01-28T00:00:00,P,60511,1,8625843.05,8625843.05,9890522.95,PP,FC_Act_exEUR,PP_FAC_Taux_Gov,LU41,11008390,PP_FAC_Taux_Gov,8625843.05,1264679.8999999985,,0,9890522.95,1264679.8999999985,QUATREM AG,Hors mandat QUATREM AG,0,1264679.8999999985,9890522.95,,PP_FAC_Taux,QUATREM HM ACT COTE
EXPORT_PRMP_ADP,2026-01-30T00:00:00,Groupe MH,AUXIA,AUX2E,FR001400IAW6,MH AMUNDI ACTIONS EURO C,1500.41,2026-01-28T00:00:00,P,13278,1000,13651228.329999998,13651228.329999998,19922443.98,PP,FC_Act_EUR,PP_FAC_Act_EUR_LC,FR41,10184067,PP_FAC_Act_EUR_LC,13651228.329999998,6271215.650000002,M7EM,-0.00664893617021277,19789980.92162234,6138752.591622341,AUXIA AG,Hors mandat AUXIA AG,0,6138752.591622341,19789980.92162234,2026-01-29T00:00:00,PP_FAC_Act,AUXIA HM ACT COTE
EXPORT_PRMP_ADP,2026-01-30T00:00:00,Groupe MH,AUXIA,AUX2E,FR001400IAY2,MH AMUNDI ACTIONS EUROPE EX EURO,1372.86,2026-01-28T00:00:00,P,2489,1000,2528326.1999999997,2528326.1999999997,3417048.54,PP,FC_Act_exEUR,PP_FAC_Act_ExEUR,FR41,10187321,PP_FAC_Act_ExEUR,2528326.1999999997,888722.3400000003,,0,3417048.54,888722.3400000003,AUXIA AG,Hors mandat AUXIA AG,0,888722.3400000003,3417048.54,,PP_FAC_Act,AUXIA HM ACT COTE
EXPORT_PRMP_ADP,2026-01-30T00:00:00,Groupe MH,CMAV,CMA2C,FR001400IAX4,MH AMUNDI ACTIONS ASIE PACIFIQUE,1297.54,2026-01-28T00:00:00,P,2100,1000,2320038,2320038,2724834,PP,FC_Act_AsPac,PP_FAC_Act_Asie,FR41,10230506,PP_FAC_Act_Asie,2320038,404796,MSDEPN,0.00636489316561046,2742177.277304023,422139.27730402304,CMAV AG,Hors mandat CMAV AG,0,422139.27730402304,2742177.277304023,2026-01-29T00:00:00,PP_FAC_Act,CMAV HM ACT COTE
EXPORT_PRMP_ADP,2026-01-30T00:00:00,Groupe MH,CMAV,CMA2C,FR001400IAV8,MH AMUNDI ACTIONS USA C,1516.3,2026-01-28T00:00:00,P,3113,1000,3394775.8999999994,3394775.9,4720241.9,PP,FC_Act_US,PP_FAC_Act_US_LC,FR41,10184109,PP_FAC_Act_US_LC,3394775.9,1325466.0000000005,,0,4720241.9,1325466.0000000005,CMAV AG,Hors mandat CMAV AG,0,1325466.0000000005,4720241.9,,PP_FAC_Act,CMAV HM ACT COTE
EXPORT_PRMP_ADP,2026-01-30T00:00:00,Groupe MH,CMAV,CMA2C,FR001400IAW6,MH AMUNDI ACTIONS EURO C,1500.41,2026-01-28T00:00:00,P,5155,1000,5683610.9399999995,5683610.9399999995,7734613.55,PP,FC_Act_EUR,PP_FAC_Act_EUR_LC,FR41,10184067,PP_FAC_Act_EUR_LC,5683610.9399999995,2051002.6100000003,M7EM,-0.00664893617021277,7683186.598204787,1999575.6582047874,CMAV AG,Hors mandat CMAV AG,0,1999575.6582047874,7683186.598204787,2026-01-29T00:00:00,PP_FAC_Act,CMAV HM ACT COTE
EXPORT_PRMP_ADP,2026-01-30T00:00:00,Groupe MH,INPR,INP2C,FR001400IAW6,MH AMUNDI ACTIONS EURO C,1500.41,2026-01-28T00:00:00,P,4140,1000,4983525,4983525,6211697.4,PP,FC_Act_EUR,PP_FAC_Act_EUR_LC,FR41,10184067,PP_FAC_Act_EUR_LC,4983525,1228172.4000000004,M7EM,-0.00664893617021277,6170396.220478724,1186871.2204787238,INPR AG,Hors mandat INPR AG,0,1186871.2204787238,6170396.220478724,2026-01-29T00:00:00,PP_FAC_Act,INPR HM ACT COTE
EXPORT_PRMP_ADP,2026-01-30T00:00:00,Groupe MH,MHP,MHP2C,FR001400IAV8,MH AMUNDI ACTIONS USA C,1516.3,2026-01-28T00:00:00,P,80245,1000,111914639.50999998,111914639.50999998,121675493.5,PP,FC_Act_US,PP_FAC_Act_US_LC,FR41,10184109,PP_FAC_Act_US_LC,111914639.50999998,9760853.990000024,,0,121675493.5,9760853.990000024,MHP AG,Hors mandat MHP AG,0,9760853.990000024,121675493.5,,PP_FAC_Act,MHP HM ACT COTE
EXPORT_PRMP_ADP,2026-01-30T00:00:00,Groupe MH,MHP,MHP2C,FR001400IAX4,MH AMUNDI ACTIONS ASIE PACIFIQUE,1297.54,2026-01-28T00:00:00,P,25000,1000,25000000,25000000,32438500,PP,FC_Act_AsPac,PP_FAC_Act_Asie,FR41,10230506,PP_FAC_Act_Asie,25000000,7438500,MSDEPN,0.00636489316561046,32644967.586952653,7644967.586952653,MHP AG,Hors mandat MHP AG,0,7644967.586952653,32644967.586952653,2026-01-29T00:00:00,PP_FAC_Act,MHP HM ACT COTE
EXPORT_PRMP_ADP,2026-01-30T00:00:00,Groupe MH,MHP,MHP2C,FR001400IAY2,MH AMUNDI ACTIONS EUROPE EX EURO,1372.86,2026-01-28T00:00:00,P,27715,1000,28086023.700000003,28086023.700000003,38048814.9,PP,FC_Act_exEUR,PP_FAC_Act_ExEUR,FR41,10187321,PP_FAC_Act_ExEUR,28086023.700000003,9962791.199999996,,0,38048814.9,9962791.199999996,MHP AG,Hors mandat MHP AG,0,9962791.199999996,38048814.9,,PP_FAC_Act,MHP HM ACT COTE
EXPORT_PRMP_ADP,2026-01-30T00:00:00,Groupe MH,MHP,MHP2C,FR001400IAW6,MH AMUNDI ACTIONS EURO C,1500.41,2026-01-28T00:00:00,P,214120,1000,220445155.6,220445155.6,321267789.2,PP,FC_Act_EUR,PP_FAC_Act_EUR_LC,FR41,10184067,PP_FAC_Act_EUR_LC,220445155.6,100822633.6,M7EM,-0.00664893617021277,319131700.17606384,98686544.57606384,MHP AG,Hors mandat MHP AG,0,98686544.57606384,319131700.17606384,2026-01-29T00:00:00,PP_FAC_Act,MHP HM ACT COTE
EXPORT_PRMP_ADP,2026-01-30T00:00:00,Groupe MH,MHP,MHP2C,FR001400EC14,SIENNA COURT TERME - FS-C,110.7867,2026-01-28T00:00:00,P,0.06698999999207444,100,6.929999942249999,6.929999942249999,7.42,PP,FC_Taux_Autre,PP_FAC_Taux_Corp_IG,FR42,9708308,PP_FAC_Taux_Corp_IG,6.929999942249999,0.49000005775000055,LECPTREU,0.000855782347020409,7.426349905014891,0.4963499627648913,MHP AG,Hors mandat MHP AG,0,0.4963499627648913,7.426349905014891,2026-01-28T00:00:00,PP_FAC_Taux,MHP HM ACT COTE
EXPORT_PRMP_ADP,2026-01-30T00:00:00,Groupe MH,MHRS,MRS2C,FR001400IAW6,MH AMUNDI ACTIONS EURO C,1500.41,2026-01-28T00:00:00,P,8830,1000,9278387.4,9278387.4,13248620.3,PP,FC_Act_EUR,PP_FAC_Act_EUR_LC,FR41,10184067,PP_FAC_Act_EUR_LC,9278387.4,3970232.9000000004,M7EM,-0.00664893617021277,13160531.069281915,3882143.669281915,MHRS AG,Hors mandat MHRS AG,0,3882143.669281915,13160531.069281915,2026-01-29T00:00:00,PP_FAC_Act,MHRS HM ACTIFS COTE
EXPORT_PRMP_ADP,2026-01-30T00:00:00,Groupe MH,MUTUELLE MH,MMH2C,FR001400IAV8,MH AMUNDI ACTIONS USA C,1516.3,2026-01-28T00:00:00,P,410,1000,603294.5,603294.5,621683,PP,FC_Act_US,PP_FAC_Act_US_LC,FR41,10184109,PP_FAC_Act_US_LC,603294.5,18388.5,,0,621683,18388.5,MMH AG,Hors mandat MUTUELLE MH AG,0,18388.5,621683,,PP_FAC_Act,MHM HM ACTIFS COTE
EXPORT_PRMP_ADP,2026-01-30T00:00:00,Groupe MH,MUTUELLE MH,MMH2C,FR001400IAW6,MH AMUNDI ACTIONS EURO C,1500.41,2026-01-28T00:00:00,P,7556,1000,7760837.859999999,7760837.859999999,11337097.959999999,PP,FC_Act_EUR,PP_FAC_Act_EUR_LC,FR41,10184067,PP_FAC_Act_EUR_LC,7760837.859999999,3576260.0999999996,M7EM,-0.00664893617021277,11261718.31930851,3500880.4593085106,MMH AG,Hors mandat MUTUELLE MH AG,0,3500880.4593085106,11261718.31930851,2026-01-29T00:00:00,PP_FAC_Act,MHM HM ACTIFS COTE
EXPORT_PRMP_ADP,2026-01-30T00:00:00,Groupe MH,MUTUELLE MH,MMH2C,FR001400IAX4,MH AMUNDI ACTIONS ASIE PACIFIQUE,1297.54,2026-01-28T00:00:00,P,1778,1000,1736163.6600000001,1736163.6600000001,2307026.12,PP,FC_Act_AsPac,PP_FAC_Act_Asie,FR41,10230506,PP_FAC_Act_Asie,1736163.6600000001,570862.46,MSDEPN,0.00636489316561046,2321710.0947840726,585546.4347840725,MMH AG,Hors mandat MUTUELLE MH AG,0,585546.4347840725,2321710.0947840726,2026-01-29T00:00:00,PP_FAC_Act,MHM HM ACTIFS COTE
EXPORT_PRMP_ADP,2026-01-30T00:00:00,Groupe MH,MUTUELLE MH,MMH2C,FR001400IAY2,MH AMUNDI ACTIONS EUROPE EX EURO,1372.86,2026-01-28T00:00:00,P,2415,1000,2810464.7600000002,2810464.7600000002,3315456.9,PP,FC_Act_exEUR,PP_FAC_Act_ExEUR,FR41,10187321,PP_FAC_Act_ExEUR,2810464.7600000002,504992.13999999966,,0,3315456.9,504992.13999999966,MMH AG,Hors mandat MUTUELLE MH AG,0,504992.13999999966,3315456.9,,PP_FAC_Act,MHM HM ACTIFS COTE
EXPORT_PRMP_ADP,2026-01-30T00:00:00,Groupe MH,QUATREM,QUA2A,FR001400IAY2,MH AMUNDI ACTIONS EUROPE EX EURO,1372.86,2026-01-28T00:00:00,P,14780,1000,14855524,14855524,20290870.8,PP,FC_Act_exEUR,PP_FAC_Act_ExEUR,FR41,10187321,PP_FAC_Act_ExEUR,14855524,5435346.800000001,,0,20290870.8,5435346.800000001,QUATREM AG,Hors mandat QUATREM AG,0,5435346.800000001,20290870.8,,PP_FAC_Act,QUATREM HM ACT COTE
EXPORT_PRMP_ADP,2026-01-30T00:00:00,Groupe MH,QUATREM,QUA2A,FR001400IAW6,MH AMUNDI ACTIONS EURO C,1500.41,2026-01-28T00:00:00,P,118486,1000,121812487.87,121812487.87,177777579.26,PP,FC_Act_EUR,PP_FAC_Act_EUR_LC,FR41,10184067,PP_FAC_Act_EUR_LC,121812487.87,55965091.389999986,M7EM,-0.00664893617021277,176595547.48300532,54783059.61300531,QUATREM AG,Hors mandat QUATREM AG,0,54783059.61300531,176595547.48300532,2026-01-29T00:00:00,PP_FAC_Act,QUATREM HM ACT COTE
EXPORT_PRMP_ADP,2026-01-30T00:00:00,Groupe MH,QUATREM,QUA2A,FR001400IAV8,MH AMUNDI ACTIONS USA C,1516.3,2026-01-28T00:00:00,P,16523,1000,16603232.9,16603232.9,25053824.900000002,PP,FC_Act_US,PP_FAC_Act_US_LC,FR41,10184109,PP_FAC_Act_US_LC,16603232.9,8450592.000000002,,0,25053824.900000002,8450592.000000002,QUATREM AG,Hors mandat QUATREM AG,0,8450592.000000002,25053824.900000002,,PP_FAC_Act,QUATREM HM ACT COTE
EXPORT_PRMP_ADP,2026-01-30T00:00:00,Groupe MH,QUATREM,QUA2A,FR001400IAX4,MH AMUNDI ACTIONS ASIE PACIFIQUE,1297.54,2026-01-28T00:00:00,P,3439,1000,3381610.33,3381610.33,4462240.06,PP,FC_Act_AsPac,PP_FAC_Act_Asie,FR41,10230506,PP_FAC_Act_Asie,3381610.33,1080629.7299999995,MSDEPN,0.00636489316561046,4490641.741261207,1109031.4112612065,QUATREM AG,Hors mandat QUATREM AG,0,1109031.4112612065,4490641.741261207,2026-01-29T00:00:00,PP_FAC_Act,QUATREM HM ACT COTE
EXPORT_PRMP_ADP,2026-01-30T00:00:00,Groupe MH,AUXIA,AUX2A,FR0011662014,MM STRATIC,23547.98,2025-12-29T00:00:00,P,228,1,2306420.67,2306420.67,5368939.44,PP,FC_Div,PP_FAC_Act_EUR_MULTI,XL44,4622726,PP_FAC_Act_EUR_MULTI,2306420.67,3062518.7700000005,,0,5368939.44,3062518.7700000005,AUXIA AG,Hors mandat AUXIA AG,0,3062518.7700000005,5368939.44,,PP_FAC_Act,AUXIA HM ACT NC
EXPORT_PRMP_ADP,2026-01-30T00:00:00,Groupe MH,AUXIA,AUX2E,FR0010752865,COVEA PROFIL DYNAMIQUE D,120.09,2026-01-27T00:00:00,P,4224.5429,1,429905.1995132627,429905.1995132627,507325.36,PP,FC_Div,PP_FAC_Act_EUR_LC,FR41,8466180,PP_FAC_Act_EUR_LC,429905.1995132627,77420.16048673727,,0,507325.36,77420.16048673727,AUXIA AG,Hors mandat AUXIA AG,0,77420.16048673727,507325.36,,PP_FAC_Act,AUXIA HM ACT COTE
EXPORT_PRMP_ADP,2026-01-30T00:00:00,Groupe MH,AUXIA,AUX2E,LU1956164344,BNPP Rspnb US Mlt-Fac Eq I EUR Acc,225.7,2026-01-29T00:00:00,P,18400,1,3696560,3696560,4152880,PP,FC_Act_US,,LU41,11976073,PP_FAC_Act_EUR_LC,3696560,456320,,0,4152880,456320,AUXIA AG,Hors mandat AUXIA AG,0,456320,4152880,,PP_FAC_Act,AUXIA HM ACT COTE
EXPORT_PRMP_ADP,2026-01-30T00:00:00,Groupe MH,AUXIA,AUX2E,FR0010831693,Ostrum SRI Cash Plus I C EUR,111265.45,2026-01-29T00:00:00,P,497.6,1,55322286.19,55322286.19,55365687.919999994,PP,FC_Mon,PP_Mon_Fonds,FR43,4284156,PP_Mon_Fonds,55322286.19,43401.72999999672,Monetaire,0,55365687.919999994,43401.72999999672,AUXIA AG,Hors mandat AUXIA AG,0,43401.72999999672,55365687.919999994,,PP_Mon_Fonds,AUXIA HM ACT COTE
EXPORT_PRMP_ADP,2026-01-30T00:00:00,Groupe MH,AUXIA ASSISTANCE,AAS2E,FR0010831693,Ostrum SRI Cash Plus I C EUR,111265.45,2026-01-29T00:00:00,P,2,1,,,222530.9,PP,FC_Mon,PP_Mon_Fonds,FR43,4284156,PP_Mon_Fonds,222530.9,0,Monetaire,0,222530.9,0,AUXIA ASS,Hors mandat AUXIA ASSISTANCE,0,0,222530.9,,PP_Mon_Fonds,AUXIA ASS HM ACT COTE
EXPORT_PRMP_ADP,2026-01-30T00:00:00,Groupe MH,AUXIA,AUX2D,FR0011312859,TESTAMENT OBSEQUES FINANCEMENT II,133.19,2026-01-23T00:00:00,P,345277.204375933,1,41618433.35517706,41618433.35517706,45987470.85,PP,FC_Taux_Infl,PP_FAC_Taux_Infl,FR42,3813610,PP_FAC_Taux_Infl,41618433.35517706,4369037.494822942,LF94TRUU,0.000422118567425293,46006883.01531472,4388449.660137661,AUXIA AG,Hors mandat AUXIA AG,0,4388449.660137661,46006883.01531472,2026-01-28T00:00:00,PP_FAC_Taux,AUXIA HM ACT PIV UC
EXPORT_PRMP_ADP,2026-01-30T00:00:00,Groupe MH,AUXIA,AUX2D,FR0010990093,TESTAMENT OBSEQUES FINANCEMENT,136.72,2026-01-23T00:00:00,P,139427.4806,100,18499109.134381097,18499109.134381097,19062525.15,PP,FC_Taux_Infl,PP_FAC_Taux_Infl,FR42,3215199,PP_FAC_Taux_Infl,18499109.134381097,563416.0156189017,LF94TRUU,0.000422118567425293,19070571.795807827,571462.6614267305,AUXIA AG,Hors mandat AUXIA AG,0,571462.6614267305,19070571.795807827,2026-01-28T00:00:00,PP_FAC_Taux,AUXIA HM ACT PIV UC
EXPORT_PRMP_ADP,2026-01-30T00:00:00,Groupe MH,CMAV,CMA2C,FR0011662014,MM STRATIC,23547.98,2025-12-29T00:00:00,P,289,1,3514482.7600000002,3514482.7600000002,6805366.22,PP,FC_Div,PP_FAC_Act_EUR_MULTI,XL44,4622726,PP_FAC_Act_EUR_MULTI,3514482.7600000002,3290883.4599999995,,0,6805366.22,3290883.4599999995,CMAV AG,Hors mandat CMAV AG,0,3290883.4599999995,6805366.22,,PP_FAC_Act,CMAV HM ACT COTE
EXPORT_PRMP_ADP,2026-01-30T00:00:00,Groupe MH,CMAV,CMA2C,FR0011527944,LBPAM SLECTION PRO RENDGLBLMH,1220.8,2026-01-27T00:00:00,P,3010,1,3064270.3,3064270.3,3674608,PP,FC_Taux_Entr,PP_FAC_Taux_Corp_IG,FR42,7240232,PP_FAC_Taux_Corp_IG,3064270.3,610337.7000000002,LECPTREU,0.000855782347020409,3677752.6646586196,613482.3646586197,CMAV AG,Hors mandat CMAV AG,0,613482.3646586197,3677752.6646586196,2026-01-28T00:00:00,PP_FAC_Taux,CMAV HM ACT COTE
EXPORT_PRMP_ADP,2026-01-30T00:00:00,Groupe MH,CMAV,CMA2C,FR0010831693,Ostrum SRI Cash Plus I C EUR,111265.45,2026-01-29T00:00:00,P,135.35,1,15034356.290804047,15034356.290804047,15059778.66,PP,FC_Mon,PP_Mon_Fonds,FR43,4284156,PP_Mon_Fonds,15034356.290804047,25422.36919595301,Monetaire,0,15059778.66,25422.36919595301,CMAV AG,Hors mandat CMAV AG,0,25422.36919595301,15059778.66,,PP_Mon_Fonds,CMAV HM ACT COTE
EXPORT_PRMP_ADP,2026-01-30T00:00:00,Groupe MH,EMUT,EMU2A,FR0011527944,LBPAM SLECTION PRO RENDGLBLMH,1213.8,2026-01-27T00:00:00,P,289,1,341510.61,341510.61,350788.2,PP,FC_Taux_Entr,PP_FAC_Taux_Corp_IG,FR42,7240232,PP_FAC_Taux_Corp_IG,341510.61,9277.590000000026,LECPTREU,0.000855782347020409,351088.39834910305,9577.788349103066,EMUT AG,Hors mandat EMUT AG,0,9577.788349103066,351088.39834910305,2026-01-28T00:00:00,PP_FAC_Taux,EMUT HORS MDT COTE
EXPORT_PRMP_ADP,2026-01-30T00:00:00,Groupe MH,EMUT,EMU2A,FR0010831693,Ostrum SRI Cash Plus I C EUR,111077.06,2026-01-29T00:00:00,P,2,1,221995.39999999997,221995.4,222154.12,PP,FC_Mon,PP_Mon_Fonds,FR43,4284156,PP_Mon_Fonds,221995.4,158.72000000000116,Monetaire,0,222154.12,158.72000000000116,EMUT AG,Hors mandat EMUT AG,0,158.72000000000116,222154.12,,PP_Mon_Fonds,EMUT HORS MDT COTE
EXPORT_PRMP_ADP,2026-01-30T00:00:00,Groupe MH,INPR,INP2C,FR0007484142,CLICHY PREMIERE,4837.5,2026-01-23T00:00:00,P,5375,1,20467371.650000002,20467371.650000002,26001562.5,PP,FC_Taux_Entr,PP_FAC_Taux_Corp_IG,FR42,8468411,PP_FAC_Taux_Corp_IG,20467371.650000002,5534190.849999998,LECPTREU,0.000855782347020409,26023814.178182445,5556442.528182443,INPR AG,Hors mandat INPR AG,0,5556442.528182443,26023814.178182445,2026-01-28T00:00:00,PP_FAC_Taux,INPR HM ACT COTE
EXPORT_PRMP_ADP,2026-01-30T00:00:00,Groupe MH,INPR,INP2C,FR0010831693,Ostrum SRI Cash Plus I C EUR,111265.45,2026-01-29T00:00:00,P,244.3,1,27133913.659970406,27133913.659970403,27182149.44,PP,FC_Mon,PP_Mon_Fonds,FR43,4284156,PP_Mon_Fonds,27133913.659970403,48235.78002959862,Monetaire,0,27182149.44,48235.78002959862,INPR AG,Hors mandat INPR AG,0,48235.78002959862,27182149.44,,PP_Mon_Fonds,INPR HM ACT COTE
EXPORT_PRMP_ADP,2026-01-30T00:00:00,Groupe MH,INPR,INP2C,FR0007442041,UBS MM FRA ACT,12663.03,2026-01-23T00:00:00,P,2053,1,6495313.97,6495313.97,25997200.59,PP,FC_Act_EUR,PP_FAC_Act_EUR_LC,FR41,8615533,PP_FAC_Act_EUR_LC,6495313.97,19501886.62,M7EM,-0.00664893617021277,25824346.862672873,19329032.892672874,INPR AG,Hors mandat INPR AG,0,19329032.892672874,25824346.862672873,2026-01-29T00:00:00,PP_FAC_Act,INPR HM ACT COTE
EXPORT_PRMP_ADP,2026-01-30T00:00:00,Groupe MH,MHP,MHP1R,FR0010831693,Ostrum SRI Cash Plus I C EUR,111265.45,2026-01-29T00:00:00,P,52,1,5780522.28,5780522.28,5785803.4,PP,FC_Mon,PP_Mon_Fonds,FR43,4284156,PP_Mon_Fonds,5780522.28,5281.120000000112,Monetaire,0,5785803.4,5281.120000000112,MHP PERE,Mandats LBPAM MHP PERE,0,5281.120000000112,5785803.4,,PP_Mon_Fonds,MHP PERE HM ACT COTE
EXPORT_PRMP_ADP,2026-01-30T00:00:00,Groupe MH,MHP,MHP2B,BRED,BRED BANQUE POPULAIR,10.7,2025-12-17T00:00:00,P,974103,1,,,10422902.1,PP,Act_Cot_EUR,PP_FAC_Act_EUR_SMC,FR31,8979820,PP_FAC_Act_EUR_SMC,10422902.1,0,,0,10422902.1,0,MHP AG,Hors mandat MHP AG,0,0,10422902.1,,PP_FAC_Act,MHP HM ACT NC
EXPORT_PRMP_ADP,2026-01-30T00:00:00,Groupe MH,MHP,MHP2C,FR0010831693,Ostrum SRI Cash Plus I C EUR,111265.45,2026-01-29T00:00:00,P,2289.5,1,254506195.05999997,254506195.06,254742247.77,PP,FC_Mon,PP_Mon_Fonds,FR43,4284156,PP_Mon_Fonds,254506195.06,236052.71000000834,Monetaire,0,254742247.77,236052.71000000834,MHP AG,Hors mandat MHP AG,0,236052.71000000834,254742247.77,,PP_Mon_Fonds,MHP HM ACT COTE
EXPORT_PRMP_ADP,2026-01-30T00:00:00,Groupe MH,MHP,MHP2C,FR0011662014,MM STRATIC,23547.98,2025-12-29T00:00:00,P,4506,1,64269710.620000005,64269710.620000005,106107197.88000001,PP,FC_Div,PP_FAC_Act_EUR_MULTI,XL44,4622726,PP_FAC_Act_EUR_MULTI,64269710.620000005,41837487.260000005,,0,106107197.88000001,41837487.260000005,MHP AG,Hors mandat MHP AG,0,41837487.260000005,106107197.88000001,,PP_FAC_Act,MHP HM ACT COTE
EXPORT_PRMP_ADP,2026-01-30T00:00:00,Groupe MH,MHP,MHP2C,LU1082505428,SCOR ILS FUND ATROPOS IC EUR H,1494.76,2025-12-31T00:00:00,P,47442.381,1,49999999.99301189,49999999.99301189,70914973.42,PP,FC_Alter_Autre,PP_FAC_Taux_Autre,LU46,8467265,PP_FAC_Taux_Autre,49999999.99301189,20914973.42698811,,0,70914973.42,20914973.42698811,MHP AG,Hors mandat MHP AG,0,20914973.42698811,70914973.42,,PP_FAC_Taux,MHP HM ACT COTE
EXPORT_PRMP_ADP,2026-01-30T00:00:00,Groupe MH,MHP,MHP2C,LU0104884605,PICTET WATER-I,634.83,2026-01-29T00:00:00,P,33430,1,18738199.8,18738199.8,21222366.9,PP,FC_Act_EUR,PP_FAC_Act_Global,LU44,1167622,PP_FAC_Act_Global,18738199.8,2484167.0999999978,M7EM,-0.00664893617021277,21081260.737101063,2343060.9371010624,MHP AG,Hors mandat MHP AG,0,2343060.9371010624,21081260.737101063,2026-01-29T00:00:00,PP_FAC_Act,MHP HM ACT COTE
EXPORT_PRMP_ADP,2026-01-30T00:00:00,Groupe MH,MHRS,MRS2C,FR0010831693,Ostrum SRI Cash Plus I C EUR,111265.45,2026-01-29T00:00:00,P,296.5,1,32951223.39,32951223.39,32990205.92,PP,FC_Mon,PP_Mon_Fonds,FR43,4284156,PP_Mon_Fonds,32951223.39,38982.53000000119,Monetaire,0,32990205.92,38982.53000000119,MHRS AG,Hors mandat MHRS AG,0,38982.53000000119,32990205.92,,PP_Mon_Fonds,MHRS HM ACTIFS COTE
EXPORT_PRMP_ADP,2026-01-30T00:00:00,Groupe MH,MHRS,MRS2C,FR0011662014,MM STRATIC,23547.98,2025-12-29T00:00:00,P,374,1,3954849.56,3954849.56,8806944.52,PP,FC_Div,PP_FAC_Act_EUR_MULTI,XL44,4622726,PP_FAC_Act_EUR_MULTI,3954849.56,4852094.959999999,,0,8806944.52,4852094.959999999,MHRS AG,Hors mandat MHRS AG,0,4852094.959999999,8806944.52,,PP_FAC_Act,MHRS HM ACTIFS COTE
EXPORT_PRMP_ADP,2026-01-30T00:00:00,Groupe MH,MHRS,MRS2C,FR0014006K51,BNP 12/31 0004,0.9815,2026-01-29T00:00:00,%,3383000,1000,3277676.8,3277676.8,3320414.5,PA,Obl_Entr_Sub_Stru,PA_Obl_Struct,NL54,8800121,PA_Obl_Struct,3277676.8,42737.700000000186,,0,3320414.5,42737.700000000186,MHRS AG,Hors mandat MHRS AG,0,42737.700000000186,3320414.5,,PA_Obl_Struct,MHRS HM ACTIFS COTE
EXPORT_PRMP_ADP,2026-01-30T00:00:00,Groupe MH,MUTUELLE MH,MMH2C,FR0011662014,MM STRATIC,23547.98,2025-12-29T00:00:00,P,414,1,5041185.6,5041185.6,9748863.72,PP,FC_Div,PP_FAC_Act_EUR_MULTI,XL44,4622726,PP_FAC_Act_EUR_MULTI,5041185.6,4707678.120000001,,0,9748863.72,4707678.120000001,MMH AG,Hors mandat MUTUELLE MH AG,0,4707678.120000001,9748863.72,,PP_FAC_Act,MHM HM ACTIFS COTE
EXPORT_PRMP_ADP,2026-01-30T00:00:00,Groupe MH,MUTUELLE MH,MMH2C,LU1105449521,AWF GL CNVRTBLS I EUR PF C,149.08,2026-01-29T00:00:00,P,15124,1,1962187.7600000002,1962187.7600000002,2254685.92,PP,FC_Conv_Monde,PP_FAC_Conv_Global,LU42,7240282,PP_FAC_Conv_Global,1962187.7600000002,292498.1599999997,UCBIFX13,0.0100697386430293,2277390.017936518,315202.2579365177,MMH AG,Hors mandat MUTUELLE MH AG,0,315202.2579365177,2277390.017936518,2026-01-28T00:00:00,PP_FAC_Conv,MHM HM ACTIFS COTE
EXPORT_PRMP_ADP,2026-01-30T00:00:00,Groupe MH,MUTUELLE MH,MMH2C,LU1956164344,BNPP Rspnb US Mlt-Fac Eq I EUR Acc,225.7,2026-01-29T00:00:00,P,20102,1,4038491.8000000007,4038491.8000000003,4537021.4,PP,FC_Act_US,,LU41,11976073,PP_FAC_Act_EUR_LC,4038491.8000000003,498529.6000000001,,0,4537021.4,498529.6000000001,MMH AG,Hors mandat MUTUELLE MH AG,0,498529.6000000001,4537021.4,,PP_FAC_Act,MHM HM ACTIFS COTE
EXPORT_PRMP_ADP,2026-01-30T00:00:00,Groupe MH,MUTUELLE MH,MMH2C,FR0010831693,Ostrum SRI Cash Plus I C EUR,111265.45,2026-01-29T00:00:00,P,32.5,1,3613232.43,3613232.4299999997,3616127.12,PP,FC_Mon,PP_Mon_Fonds,FR43,4284156,PP_Mon_Fonds,3613232.4299999997,2894.69000000041,Monetaire,0,3616127.12,2894.69000000041,MMH AG,Hors mandat MUTUELLE MH AG,0,2894.69000000041,3616127.12,,PP_Mon_Fonds,MHM HM ACTIFS COTE
EXPORT_PRMP_ADP,2026-01-30T00:00:00,Groupe MH,MHRS,MRS2F,FR0010831693,Ostrum SRI Cash Plus I C EUR,111265.45,2026-01-29T00:00:00,P,9,1,1000475.0099999999,1000475.01,1001389.05,PP,FC_Mon,PP_Mon_Fonds,FR43,4284156,PP_Mon_Fonds,1000475.01,914.0400000000373,Monetaire,0,1001389.05,914.0400000000373,MHRS MICHELIN,Hors mandat MHRS MICHELIN,0,914.0400000000373,1001389.05,,PP_Mon_Fonds,MHRS MICHELIN HM ACT COTE
EXPORT_PRMP_ADP,2026-01-30T00:00:00,Groupe MH,QUATREM,QUA1B,FR0000009987,UNION PLUS,207964.07,2026-01-29T00:00:00,P,6.4,1,1329749.568,1329749.568,1330970.05,PP,FC_Mon,PP_Mon_Fonds,FR43,5080831,PP_Mon_Fonds,1329749.568,1220.4820000000764,Monetaire,0,1330970.05,1220.4820000000764,QUATREM AG,Mandats OSTRUM QUATREM AG,0,1220.4820000000764,1330970.05,,PP_Mon_Fonds,QUATREM MDT OSTRUM PA
EXPORT_PRMP_ADP,2026-01-30T00:00:00,Groupe MH,QUATREM,QUA2B,FR0000009987,UNION PLUS,207964.07,2026-01-29T00:00:00,P,104,1,17232999.43,17232999.43,21628263.28,PP,FC_Mon,PP_Mon_Fonds,FR43,5080831,PP_Mon_Fonds,17232999.43,4395263.8500000015,Monetaire,0,21628263.28,4395263.8500000015,QUATREM AG,Hors mandat QUATREM AG,0,4395263.8500000015,21628263.28,,PP_Mon_Fonds,QUATREM HM ACT NC
EXPORT_PRMP_ADP,2026-01-30T00:00:00,Groupe MH,QUATREM,QUA2A,FR0010831693,Ostrum SRI Cash Plus I C EUR,111265.45,2026-01-29T00:00:00,P,768.8499999999999,1,85473593.9899412,85473593.9899412,85546441.22999999,PP,FC_Mon,PP_Mon_Fonds,FR43,4284156,PP_Mon_Fonds,85473593.9899412,72847.24005879462,Monetaire,0,85546441.22999999,72847.24005879462,QUATREM AG,Hors mandat QUATREM AG,0,72847.24005879462,85546441.22999999,,PP_Mon_Fonds,QUATREM HM ACT COTE
EXPORT_PRMP_ADP,2026-01-30T00:00:00,Groupe MH,QUATREM,QUA2A,FR0010708453,CENTRAL VALOR SP FCP,0.03,2024-03-28T00:00:00,P,14340,1,458.88,458.88,430.2,PP,FC_Div,PP_FAC_DIV_Autres,FR46,8615535,PP_FAC_DIV_Autres,458.88,-28.680000000000007,,0,430.2,-28.680000000000007,QUATREM AG,Hors mandat QUATREM AG,0,-28.680000000000007,430.2,,PP_FAC_DIV,QUATREM HM ACT COTE
EXPORT_PRMP_ADP,2026-01-30T00:00:00,Groupe MH,QUATREM,QUA2A,LU0945150927,AF IMP EUR CORP SHT TERM GREEN BD,1108.08,2026-01-29T00:00:00,P,10404,1000,10217976.479999999,10217976.479999999,11528464.32,PP,FC_Taux_Entr,PP_FAC_Taux_Corp_IG,LU42,4498626,PP_FAC_Taux_Corp_IG,10217976.479999999,1310487.8400000017,LECPTREU,0.000855782347020409,11538330.17625331,1320353.696253311,QUATREM AG,Hors mandat QUATREM AG,0,1320353.696253311,11538330.17625331,2026-01-28T00:00:00,PP_FAC_Taux,QUATREM HM ACT COTE
EXPORT_PRMP_ADP,2026-01-30T00:00:00,Groupe MH,QUATREM,QUA2A,XS1996470917,BNP 08/29 0001,1.0116,2025-12-31T00:00:00,%,2500000,100000,2519300,2506860.0100000002,2529000,PP,Obl_Entr_Sub_Stru,PA_Obl_Struct,FR59,9946841,PA_Obl_Struct,2506860.0100000002,22139.989999999758,,0,2529000,22139.989999999758,QUATREM AG,Hors mandat QUATREM AG,0,22139.989999999758,2529000,,PA_Obl_Struct,QUATREM HM ACT COTE
EXPORT_PRMP_ADP,2026-01-30T00:00:00,Groupe MH,QUATREM,QUA2A,FR0011662014,MM STRATIC,23547.98,2025-12-29T00:00:00,P,2268,1,25865008.31,25865008.31,53406818.63999999,PP,FC_Div,PP_FAC_Act_EUR_MULTI,XL44,4622726,PP_FAC_Act_EUR_MULTI,25865008.31,27541810.329999994,,0,53406818.63999999,27541810.329999994,QUATREM AG,Hors mandat QUATREM AG,0,27541810.329999994,53406818.63999999,,PP_FAC_Act,QUATREM HM ACT COTE
EXPORT_PRMP_ADP,2026-01-30T00:00:00,Groupe MH,QUATREM,QUA2A,XS2116546941,UBS 02/28 MTN6,1.0195999999999998,2025-12-31T00:00:00,%,3000000,1000,3000000,3000000,3058800,PP,Obl_Entr_Sub_Stru,PA_Obl_Struct,GB51,9946845,PA_Obl_Struct,3000000,58800,,0,3058800,58800,QUATREM AG,Hors mandat QUATREM AG,0,58800,3058800,,PA_Obl_Struct,QUATREM HM ACT COTE
EXPORT_PRMP_ADP,2026-01-30T00:00:00,Groupe MH,AUXIA,AUX2E,FR0013423555,PRATIC AUXIA,642.49,2026-01-28T00:00:00,P,80553,1,51272790.03,51272790.03,51754496.970000006,PP,FC_Div,PP_FAC_DIV_PRATIC,FR44,8615538,PP_FAC_DIV_PRATIC,51272790.03,481706.94000000507,,0,51754496.970000006,481706.94000000507,AUXIA AG,Hors mandat AUXIA AG,221858.7833052326,703565.7233052377,51976355.75330524,,PP_FAC_DIV,AUXIA HM ACT COTE
EXPORT_PRMP_ADP,2026-01-30T00:00:00,Groupe MH,CMAV,CMA2C,FR0013423548,PRATIC CMAV,1008.25,2026-01-28T00:00:00,P,13375,1,12480051.639999999,12480051.639999999,13485343.75,PP,FC_Div,PP_FAC_DIV_PRATIC,FR44,8615537,PP_FAC_DIV_PRATIC,12480051.639999999,1005292.1100000013,,0,13485343.75,1005292.1100000013,CMAV AG,Hors mandat CMAV AG,18087.217489115563,1023379.3274891168,13503430.967489116,,PP_FAC_DIV,CMAV HM ACT COTE
EXPORT_PRMP_ADP,2026-01-30T00:00:00,Groupe MH,INPR,INP2C,FR0007443544,PRATIC INPR,4609.3,2026-01-28T00:00:00,P,7247,1,32698246.590000004,32698246.590000004,33403597.1,PP,FC_Div,PP_FAC_DIV_PRATIC,FR42,8615534,PP_FAC_DIV_PRATIC,32698246.590000004,705350.5099999979,,0,33403597.1,705350.5099999979,INPR AG,Hors mandat INPR AG,144674.02606533025,850024.5360653282,33548271.126065332,,PP_FAC_DIV,INPR HM ACT COTE
EXPORT_PRMP_ADP,2026-01-30T00:00:00,Groupe MH,MHP,MHP2C,FR0010251082,PRATIC MHP,845.36,2026-01-28T00:00:00,P,536781,1,551542311.23,551542311.23,453773186.16,PP,FC_Div,PP_FAC_DIV_PRATIC,FR44,4622712,PP_FAC_DIV_PRATIC,551542311.23,-97769125.07,,0,453773186.16,-97769125.07,MHP AG,Hors mandat MHP AG,5289551.221320179,-92479573.84867981,459062737.38132024,,PP_FAC_DIV,MHP HM ACT COTE
EXPORT_PRMP_ADP,2026-01-30T00:00:00,Groupe MH,MHRS,MRS2C,FR0010404731,PRATIC RS,537.6,2026-01-28T00:00:00,P,68817,1,38185865.13,38185865.13,36996019.2,PP,FC_Div,PP_FAC_DIV_PRATIC,FR44,4622713,PP_FAC_DIV_PRATIC,38185865.13,-1189845.9299999997,,0,36996019.2,-1189845.9299999997,MHRS AG,Hors mandat MHRS AG,373805.95282006887,-816039.9771799308,37369825.15282007,,PP_FAC_DIV,MHRS HM ACTIFS COTE
EXPORT_PRMP_ADP,2026-01-30T00:00:00,Groupe MH,MUTUELLE MH,MMH2C,FR0013423530,PRATIC MUTUEL,1189.16,2026-01-28T00:00:00,P,18467,1,18448496.189999998,18448496.189999998,21960217.72,PP,FC_Div,PP_FAC_DIV_PRATIC,FR44,8615536,PP_FAC_DIV_PRATIC,18448496.189999998,3511721.530000001,,0,21960217.72,3511721.530000001,MMH AG,Hors mandat MUTUELLE MH AG,59898.9868064097,3571620.516806411,22020116.70680641,,PP_FAC_DIV,MHM HM ACTIFS COTE
EXPORT_PRMP_ADP,2026-01-30T00:00:00,Groupe MH,QUATREM,QUA2A,FR0007044532,PRATIC QUATREM,15.71,2026-01-28T00:00:00,P,14980039.999999998,1,242976248.79999998,242976248.79999998,235336428.4,PP,FC_Div,PP_FAC_DIV_PRATIC,FR44,4622704,PP_FAC_DIV_PRATIC,242976248.79999998,-7639820.399999976,,0,235336428.4,-7639820.399999976,QUATREM AG,Hors mandat QUATREM AG,1499294.0884116387,-6140526.311588338,236835722.48841164,,PP_FAC_DIV,QUATREM HM ACT COTE
